shipment_id,type,vendor_oem,created_at,status,tracking_number,priority
34246E23,OUTBOUND,Cisco,2025-10-28 23:18:24.062432,DELIVERED,1Z800305,Next Day Air
CC564D49,INBOUND,Juniper,2025-10-30 23:18:24.062432,PENDING,1Z377312,Standard
7BF98FCF,INBOUND,Dell,2026-01-13 23:18:24.062432,DELIVERED,1Z395442,Next Day Air
87077E29,INBOUND,Dell,2025-10-18 23:18:24.062432,IN-TRANSIT,1Z629959,Expedited
A574F391,INBOUND,Cisco,2025-10-24 23:18:24.062432,PENDING,1Z765095,Expedited
4287725E,INBOUND,Dell,2026-01-06 23:18:24.062432,DELIVERED,1Z908577,Standard
165A54C8,INBOUND,Panduit,2025-12-12 23:18:24.062432,ABANDONED,1Z678478,Next Day Air
FB63B779,INBOUND,Cisco,2025-11-15 23:18:24.062432,DELIVERED,1Z824586,Standard
11C66221,OUTBOUND,Juniper,2025-11-30 23:18:24.062432,DELIVERED,1Z550664,Standard
8B1927CA,INBOUND,Dell,2025-09-27 23:18:24.062432,DELIVERED,1Z320281,Next Day Air
A76A674F,OUTBOUND,Panduit,2025-10-23 23:18:24.062432,DELIVERED,1Z750810,Next Day Air
DF55EDD3,INBOUND,Juniper,2025-10-11 23:18:24.062432,PENDING,1Z938742,Standard
5AB415B6,INBOUND,Dell,2026-01-12 23:18:24.062432,DELIVERED,1Z920391,Expedited
21F3B711,INBOUND,Dell,2026-01-02 23:18:24.062432,DELIVERED,1Z266931,Next Day Air
FB78C9F4,INBOUND,Panduit,2025-10-05 23:18:24.062432,DELIVERED,1Z333238,Standard
124CCDE7,OUTBOUND,Dell,2026-01-04 23:18:24.062432,PENDING,1Z960394,Standard
D7C73379,INBOUND,Panduit,2025-10-20 23:18:24.062432,DELIVERED,1Z444207,Expedited
58B8E4EE,OUTBOUND,Dell,2026-01-10 23:18:24.062432,DELIVERED,1Z772642,Next Day Air
6FF8C4C8,OUTBOUND,Cisco,2025-11-12 23:18:24.062432,DELIVERED,1Z220944,Expedited
50061275,OUTBOUND,Cisco,2025-10-14 23:18:24.062432,DELIVERED,1Z213668,Next Day Air
5B4FD855,OUTBOUND,Panduit,2025-11-16 23:18:24.062432,DELIVERED,1Z735656,Next Day Air
807ADA00,INBOUND,Dell,2025-10-06 23:18:24.062432,DELIVERED,1Z146542,Next Day Air
63BBE16E,INBOUND,Dell,2025-11-16 23:18:24.062432,DELIVERED,1Z552248,Standard
5E760CC4,OUTBOUND,Cisco,2025-12-16 23:18:24.062432,PENDING,1Z854717,Expedited
27DC8426,OUTBOUND,Dell,2025-11-25 23:18:24.062432,DELIVERED,1Z521947,Next Day Air
1C715646,INBOUND,Panduit,2025-10-29 23:18:24.062432,DELIVERED,1Z797229,Expedited
24DDF7BC,INBOUND,Dell,2025-12-17 23:18:24.062432,IN-TRANSIT,1Z525800,Next Day Air
BDB860DE,OUTBOUND,Juniper,2026-01-06 23:18:24.062432,DELIVERED,1Z550770,Next Day Air
C07ACDD6,OUTBOUND,Panduit,2025-12-08 23:18:24.062432,DELIVERED,1Z563638,Next Day Air
FCF405C5,INBOUND,Cisco,2025-10-19 23:18:24.062432,DELIVERED,1Z397571,Next Day Air
9CDB4E41,OUTBOUND,Cisco,2025-12-15 23:18:24.062432,DELIVERED,1Z958179,Standard
5E83F246,INBOUND,Juniper,2025-12-17 23:18:24.062432,DELIVERED,1Z125611,Standard
E156B2E4,INBOUND,Panduit,2025-10-23 23:18:24.062432,ABANDONED,1Z534572,Next Day Air
37C3C4F5,OUTBOUND,Panduit,2025-12-04 23:18:24.062432,DELIVERED,1Z519066,Standard
C00D9C0C,INBOUND,Cisco,2025-10-10 23:18:24.062432,DELIVERED,1Z916232,Expedited
85277CF4,OUTBOUND,Cisco,2025-10-20 23:18:24.062432,DELIVERED,1Z684482,Standard
F8F5C869,INBOUND,Panduit,2026-01-08 23:18:24.062432,DELIVERED,1Z800005,Next Day Air
AA813374,OUTBOUND,Panduit,2025-12-02 23:18:24.062432,DELIVERED,1Z970914,Next Day Air
F7E319F1,OUTBOUND,Panduit,2025-11-18 23:18:24.062432,PENDING,1Z371782,Standard
1B147A5E,OUTBOUND,Juniper,2026-01-07 23:18:24.062432,DELIVERED,1Z387936,Expedited
056E4865,INBOUND,Dell,2025-10-01 23:18:24.062432,IN-TRANSIT,1Z452161,Expedited
F927103A,INBOUND,Juniper,2026-01-14 23:18:24.062432,DELIVERED,1Z342495,Expedited
B5006F72,INBOUND,Cisco,2025-12-19 23:18:24.062432,DELIVERED,1Z535020,Expedited
4BF173F3,OUTBOUND,Cisco,2025-11-03 23:18:24.062432,DELIVERED,1Z316881,Expedited
D56DA455,INBOUND,Panduit,2025-11-10 23:18:24.062432,PENDING,1Z600149,Standard
3D24F90F,OUTBOUND,Panduit,2025-11-06 23:18:24.062432,DELIVERED,1Z664365,Next Day Air
5585A516,INBOUND,Panduit,2025-12-25 23:18:24.062432,DELIVERED,1Z330080,Expedited
28338DF6,OUTBOUND,Dell,2025-11-16 23:18:24.062432,DELIVERED,1Z801364,Next Day Air
76539D73,INBOUND,Panduit,2026-01-02 23:18:24.062432,DELIVERED,1Z233827,Next Day Air
F137F91E,OUTBOUND,Cisco,2025-11-29 23:18:24.062432,DELIVERED,1Z188025,Next Day Air
5EEBF0B7,OUTBOUND,Juniper,2025-11-15 23:18:24.062432,DELIVERED,1Z152727,Expedited
A617D906,OUTBOUND,Dell,2025-11-09 23:18:24.062432,DELIVERED,1Z453894,Expedited
3111334B,OUTBOUND,Dell,2025-10-27 23:18:24.062432,IN-TRANSIT,1Z975467,Standard
B5CD85D8,INBOUND,Dell,2025-11-21 23:18:24.062432,DELIVERED,1Z335113,Next Day Air
DFA42FC7,INBOUND,Cisco,2025-09-30 23:18:24.062432,IN-TRANSIT,1Z359295,Standard
7C25AC8E,INBOUND,Juniper,2026-01-07 23:18:24.062432,DELIVERED,1Z232352,Expedited
EADE5118,INBOUND,Panduit,2025-12-16 23:18:24.062432,DELIVERED,1Z833442,Expedited
B81D4936,INBOUND,Juniper,2025-12-29 23:18:24.062432,DELIVERED,1Z426147,Standard
FA1B588B,OUTBOUND,Panduit,2025-12-05 23:18:24.062432,DELIVERED,1Z515922,Next Day Air
5122A748,INBOUND,Cisco,2025-10-17 23:18:24.062432,DELIVERED,1Z831059,Expedited
763338B6,INBOUND,Cisco,2026-01-08 23:18:24.062432,DELIVERED,1Z464069,Next Day Air
E97E93A4,INBOUND,Dell,2025-11-15 23:18:24.062432,DELIVERED,1Z113266,Expedited
AA8421E3,OUTBOUND,Dell,2026-01-05 23:18:24.062432,DELIVERED,1Z766459,Expedited
626CFBCD,INBOUND,Dell,2025-12-21 23:18:24.062432,DELIVERED,1Z745830,Next Day Air
B64F9A8B,OUTBOUND,Dell,2025-12-30 23:18:24.062432,DELIVERED,1Z437960,Standard
178B8681,OUTBOUND,Panduit,2026-01-06 23:18:24.062432,PENDING,1Z355709,Expedited
C6A48E3C,OUTBOUND,Dell,2025-12-03 23:18:24.062432,DELIVERED,1Z130094,Expedited
B13F9EC6,OUTBOUND,Juniper,2026-01-08 23:18:24.062432,DELIVERED,1Z472060,Expedited
F25F44B1,OUTBOUND,Cisco,2025-11-04 23:18:24.062432,DELIVERED,1Z641722,Standard
0748B27B,OUTBOUND,Panduit,2025-10-02 23:18:24.062432,DELIVERED,1Z682144,Standard
23FBA59D,OUTBOUND,Panduit,2025-12-19 23:18:24.062432,DELIVERED,1Z931450,Standard
1187F792,OUTBOUND,Juniper,2025-10-03 23:18:24.062432,DELIVERED,1Z421080,Next Day Air
ADA7F90D,OUTBOUND,Panduit,2025-12-05 23:18:24.062432,DELIVERED,1Z882169,Next Day Air
B712854C,OUTBOUND,Dell,2025-11-03 23:18:24.062432,DELIVERED,1Z421517,Expedited
BE1CBA6A,INBOUND,Dell,2025-10-21 23:18:24.062432,DELIVERED,1Z225362,Next Day Air
7C8CF743,INBOUND,Juniper,2025-11-29 23:18:24.062432,ABANDONED,1Z326895,Next Day Air
6BC09BFC,OUTBOUND,Cisco,2025-11-22 23:18:24.062432,DELIVERED,1Z973074,Standard
A318B8D4,INBOUND,Dell,2025-10-29 23:18:24.062432,DELIVERED,1Z114835,Next Day Air
6337465F,INBOUND,Cisco,2025-11-29 23:18:24.062432,DELIVERED,1Z680238,Expedited
412E4D57,OUTBOUND,Cisco,2025-12-20 23:18:24.062432,PENDING,1Z112861,Next Day Air
3ABD65A4,OUTBOUND,Dell,2025-10-28 23:18:24.062432,DELIVERED,1Z293319,Standard
1B4AE837,OUTBOUND,Cisco,2025-10-24 23:18:24.062432,PENDING,1Z962050,Standard
44222952,INBOUND,Juniper,2025-11-12 23:18:24.062432,DELIVERED,1Z256445,Next Day Air
FE868200,INBOUND,Cisco,2025-10-30 23:18:24.062432,DELIVERED,1Z685181,Expedited
D47298B2,INBOUND,Panduit,2025-12-08 23:18:24.062432,DELIVERED,1Z572398,Expedited
9CA102DE,OUTBOUND,Dell,2025-10-30 23:18:24.062432,PENDING,1Z696251,Next Day Air
A74CEA6B,INBOUND,Juniper,2025-09-29 23:18:24.062432,DELIVERED,1Z755900,Standard
536E1647,INBOUND,Juniper,2025-10-25 23:18:24.062432,DELIVERED,1Z282256,Next Day Air
CE77F9A1,OUTBOUND,Panduit,2025-10-01 23:18:24.062432,DELIVERED,1Z822858,Next Day Air
A2F1E7E2,INBOUND,Dell,2025-11-21 23:18:24.062432,DELIVERED,1Z841296,Expedited
7F60164E,INBOUND,Juniper,2025-12-20 23:18:24.062432,PENDING,1Z377405,Next Day Air
A52D4E7B,INBOUND,Panduit,2025-12-06 23:18:24.062432,DELIVERED,1Z220351,Next Day Air
1960D9DD,OUTBOUND,Juniper,2025-10-20 23:18:24.062432,DELIVERED,1Z174878,Standard
7B78CB6A,OUTBOUND,Panduit,2025-10-13 23:18:24.062432,IN-TRANSIT,1Z230394,Expedited
A1C0868F,OUTBOUND,Dell,2025-12-19 23:18:24.062432,DELIVERED,1Z624783,Next Day Air
1993C955,INBOUND,Panduit,2025-11-24 23:18:24.062432,DELIVERED,1Z870214,Expedited
181FADEF,INBOUND,Juniper,2025-12-08 23:18:24.062432,DELIVERED,1Z807053,Next Day Air
2A429760,OUTBOUND,Cisco,2025-12-06 23:18:24.062432,ABANDONED,1Z900177,Standard
1683C63C,OUTBOUND,Dell,2025-11-21 23:18:24.062432,DELIVERED,1Z290305,Next Day Air
04DF58E5,OUTBOUND,Cisco,2025-11-16 23:18:24.062432,DELIVERED,1Z592841,Expedited
72225BEF,INBOUND,Juniper,2025-11-13 23:18:24.062432,DELIVERED,1Z445824,Expedited
8AE27BCC,OUTBOUND,Cisco,2025-12-19 23:18:24.062432,DELIVERED,1Z576919,Standard
B36BBD16,INBOUND,Panduit,2025-11-01 23:18:24.062432,DELIVERED,1Z639593,Standard
63A4E918,OUTBOUND,Panduit,2025-12-15 23:18:24.062432,PENDING,1Z156837,Standard
3A060A0B,OUTBOUND,Panduit,2025-11-27 23:18:24.062432,DELIVERED,1Z896907,Standard
8E19918B,INBOUND,Dell,2025-10-18 23:18:24.062432,DELIVERED,1Z559398,Next Day Air
084116DE,INBOUND,Juniper,2025-11-23 23:18:24.062432,DELIVERED,1Z425845,Next Day Air
133A3DEB,INBOUND,Juniper,2025-09-23 23:18:24.062432,DELIVERED,1Z982277,Standard
969DCAEB,INBOUND,Panduit,2025-11-20 23:18:24.062432,PENDING,1Z851413,Expedited
413D9CE6,OUTBOUND,Panduit,2025-11-26 23:18:24.062432,IN-TRANSIT,1Z595158,Standard
847D65CC,OUTBOUND,Juniper,2025-11-19 23:18:24.062432,DELIVERED,1Z728492,Next Day Air
FD9C2FDC,INBOUND,Dell,2025-12-26 23:18:24.062432,PENDING,1Z910208,Expedited
91A8C466,OUTBOUND,Cisco,2025-11-04 23:18:24.062432,PENDING,1Z396578,Next Day Air
03F2590D,OUTBOUND,Juniper,2025-10-30 23:18:24.062432,PENDING,1Z568238,Next Day Air
E182F0DA,OUTBOUND,Panduit,2025-11-22 23:18:24.062432,DELIVERED,1Z437408,Standard
A36329AF,OUTBOUND,Juniper,2025-12-20 23:18:24.062432,DELIVERED,1Z997594,Expedited
CFC2C0A8,OUTBOUND,Panduit,2025-09-27 23:18:24.062432,DELIVERED,1Z504832,Next Day Air
592AA8AF,INBOUND,Panduit,2026-01-01 23:18:24.062432,PENDING,1Z138817,Standard
8473AEAC,OUTBOUND,Cisco,2025-11-25 23:18:24.062432,ABANDONED,1Z986088,Expedited
02A5C7DA,OUTBOUND,Cisco,2025-10-04 23:18:24.062432,DELIVERED,1Z857537,Standard
EE36F04B,INBOUND,Cisco,2025-11-13 23:18:24.062432,PENDING,1Z592296,Expedited
1809B085,OUTBOUND,Cisco,2025-11-04 23:18:24.062432,DELIVERED,1Z993140,Expedited
63B43BE5,OUTBOUND,Dell,2026-01-09 23:18:24.062432,DELIVERED,1Z757246,Next Day Air
9AA7CB7E,INBOUND,Cisco,2026-01-13 23:18:24.062432,IN-TRANSIT,1Z346174,Next Day Air
7199181D,INBOUND,Cisco,2025-12-18 23:18:24.062432,PENDING,1Z555052,Standard
33EF8C2C,INBOUND,Panduit,2025-12-28 23:18:24.062432,DELIVERED,1Z274446,Next Day Air
9D5B04AC,INBOUND,Dell,2025-10-30 23:18:24.062432,PENDING,1Z934816,Standard
0C5F17C2,OUTBOUND,Juniper,2025-10-29 23:18:24.062432,DELIVERED,1Z356059,Next Day Air
148DF69E,INBOUND,Juniper,2025-11-13 23:18:24.062432,DELIVERED,1Z283573,Standard
74F67CC4,INBOUND,Panduit,2025-12-09 23:18:24.062432,PENDING,1Z711484,Standard
BEAAB4AE,OUTBOUND,Panduit,2025-10-21 23:18:24.062432,DELIVERED,1Z367729,Next Day Air
F43637EC,OUTBOUND,Dell,2025-09-23 23:18:24.062432,PENDING,1Z810526,Next Day Air
7974BD09,OUTBOUND,Dell,2025-10-12 23:18:24.062432,DELIVERED,1Z769975,Expedited
E95C5094,OUTBOUND,Juniper,2025-12-19 23:18:24.062432,DELIVERED,1Z503380,Expedited
09A947B8,OUTBOUND,Dell,2025-10-05 23:18:24.062432,DELIVERED,1Z833247,Expedited
6211872D,OUTBOUND,Dell,2025-09-24 23:18:24.062432,ABANDONED,1Z108491,Next Day Air
78161981,INBOUND,Panduit,2026-01-10 23:18:24.062432,DELIVERED,1Z973294,Expedited
A79E2E7A,OUTBOUND,Juniper,2025-12-30 23:18:24.062432,IN-TRANSIT,1Z767542,Standard
125C9535,INBOUND,Cisco,2025-12-10 23:18:24.062432,DELIVERED,1Z757937,Next Day Air
7ECCCBE2,OUTBOUND,Cisco,2025-09-27 23:18:24.062432,DELIVERED,1Z707727,Expedited
94C542A3,OUTBOUND,Dell,2025-12-24 23:18:24.062432,DELIVERED,1Z883790,Expedited
4C6EBAD3,OUTBOUND,Dell,2025-10-14 23:18:24.062432,DELIVERED,1Z970813,Standard
2DBC5D0E,OUTBOUND,Dell,2025-10-24 23:18:24.062432,PENDING,1Z882824,Expedited
6023AA04,INBOUND,Juniper,2026-01-02 23:18:24.062432,DELIVERED,1Z890785,Standard
B324F24C,OUTBOUND,Dell,2026-01-10 23:18:24.062432,DELIVERED,1Z194689,Expedited
CAA90CF2,INBOUND,Panduit,2025-09-23 23:18:24.062432,DELIVERED,1Z486490,Next Day Air
7762EDA3,OUTBOUND,Dell,2025-12-26 23:18:24.062432,DELIVERED,1Z213609,Next Day Air
B055F769,OUTBOUND,Juniper,2025-10-21 23:18:24.062432,DELIVERED,1Z779112,Standard
6945392F,OUTBOUND,Panduit,2025-12-12 23:18:24.062432,PENDING,1Z222343,Standard
68CCC887,OUTBOUND,Panduit,2025-09-27 23:18:24.062432,PENDING,1Z221761,Standard
EA4F0D64,INBOUND,Panduit,2025-10-22 23:18:24.062432,PENDING,1Z575679,Expedited
65EEE466,OUTBOUND,Juniper,2025-12-16 23:18:24.062432,PENDING,1Z535037,Next Day Air
4BB08268,OUTBOUND,Dell,2025-10-04 23:18:24.062432,PENDING,1Z134305,Next Day Air
926DADDD,OUTBOUND,Juniper,2025-11-08 23:18:24.062432,DELIVERED,1Z997004,Expedited
AFA0286A,OUTBOUND,Dell,2025-10-04 23:18:24.062432,ABANDONED,1Z163491,Expedited
63B57512,INBOUND,Panduit,2025-10-27 23:18:24.062432,DELIVERED,1Z196126,Next Day Air
429B9A9D,INBOUND,Cisco,2025-10-19 23:18:24.062432,DELIVERED,1Z925013,Expedited
FB8A1277,INBOUND,Cisco,2025-10-23 23:18:24.062432,ABANDONED,1Z970127,Next Day Air
1F7EDB54,INBOUND,Dell,2025-10-18 23:18:24.062432,DELIVERED,1Z911984,Standard
26DB91AD,INBOUND,Dell,2025-12-31 23:18:24.062432,PENDING,1Z251716,Standard
7E6BC21E,INBOUND,Cisco,2025-11-30 23:18:24.062432,DELIVERED,1Z793169,Standard
D1F979F8,INBOUND,Dell,2025-10-08 23:18:24.062432,DELIVERED,1Z116547,Standard
59841C67,OUTBOUND,Cisco,2025-10-25 23:18:24.062432,DELIVERED,1Z881886,Standard
B69E3D12,OUTBOUND,Cisco,2025-11-21 23:18:24.062432,DELIVERED,1Z573962,Next Day Air
11F10B4D,INBOUND,Dell,2025-10-20 23:18:24.062432,PENDING,1Z580292,Next Day Air
786DAA5F,OUTBOUND,Panduit,2025-09-25 23:18:24.062432,DELIVERED,1Z546980,Next Day Air
3A8F483B,OUTBOUND,Cisco,2025-10-05 23:18:24.062432,DELIVERED,1Z184714,Expedited
9E9ED743,INBOUND,Dell,2025-12-08 23:18:24.062432,DELIVERED,1Z754644,Next Day Air
86A8056F,OUTBOUND,Panduit,2025-12-05 23:18:24.062432,DELIVERED,1Z726410,Next Day Air
024BB547,OUTBOUND,Cisco,2025-10-29 23:18:24.062432,DELIVERED,1Z931621,Next Day Air
FB192BD4,INBOUND,Panduit,2025-10-06 23:18:24.062432,PENDING,1Z573489,Standard
AC43E963,OUTBOUND,Panduit,2025-11-13 23:18:24.062432,DELIVERED,1Z536196,Next Day Air
B6A49706,OUTBOUND,Dell,2025-10-04 23:18:24.062432,DELIVERED,1Z492483,Standard
9ED51A1D,INBOUND,Cisco,2025-12-18 23:18:24.062432,PENDING,1Z972176,Standard
1F62C793,OUTBOUND,Juniper,2025-10-03 23:18:24.062432,DELIVERED,1Z683397,Standard
77A93275,OUTBOUND,Cisco,2025-12-06 23:18:24.062432,ABANDONED,1Z530764,Expedited
4E9EFC7C,OUTBOUND,Cisco,2026-01-11 23:18:24.062432,DELIVERED,1Z401601,Next Day Air
710DD84E,INBOUND,Juniper,2025-10-31 23:18:24.062432,DELIVERED,1Z788637,Expedited
66A1E8A2,OUTBOUND,Dell,2025-10-20 23:18:24.062432,PENDING,1Z220465,Expedited
3E8E09CE,OUTBOUND,Cisco,2025-12-04 23:18:24.062432,DELIVERED,1Z738577,Next Day Air
863F9DF1,INBOUND,Juniper,2026-01-06 23:18:24.062432,DELIVERED,1Z386544,Next Day Air
4382DB84,OUTBOUND,Dell,2025-12-28 23:18:24.062432,DELIVERED,1Z106402,Standard
CB34C7E0,OUTBOUND,Cisco,2026-01-11 23:18:24.062432,DELIVERED,1Z248766,Next Day Air
2B30907A,INBOUND,Juniper,2025-12-12 23:18:24.062432,ABANDONED,1Z494468,Expedited
B48AC384,OUTBOUND,Dell,2025-11-19 23:18:24.062432,DELIVERED,1Z856648,Expedited
480B3E94,INBOUND,Cisco,2025-12-30 23:18:24.062432,PENDING,1Z263137,Standard
33B3330A,INBOUND,Dell,2025-12-27 23:18:24.062432,DELIVERED,1Z564637,Next Day Air
8311E56A,OUTBOUND,Panduit,2025-11-15 23:18:24.062432,DELIVERED,1Z386436,Standard
0E80B6B5,OUTBOUND,Panduit,2025-12-27 23:18:24.062432,DELIVERED,1Z216276,Expedited
0D67625A,OUTBOUND,Dell,2025-12-17 23:18:24.062432,DELIVERED,1Z147623,Standard
24D2EB6A,INBOUND,Cisco,2025-11-11 23:18:24.062432,ABANDONED,1Z314353,Expedited
D4E59F4B,OUTBOUND,Dell,2025-10-19 23:18:24.062432,IN-TRANSIT,1Z444061,Standard
3B769705,OUTBOUND,Juniper,2025-09-22 23:18:24.062432,DELIVERED,1Z235461,Expedited
150778C7,OUTBOUND,Cisco,2025-11-29 23:18:24.062432,IN-TRANSIT,1Z516359,Next Day Air
9E6D3965,OUTBOUND,Cisco,2025-09-27 23:18:24.062432,DELIVERED,1Z428267,Next Day Air
1B115928,OUTBOUND,Dell,2025-11-15 23:18:24.062432,DELIVERED,1Z220768,Expedited
ACC8C04B,INBOUND,Panduit,2025-09-24 23:18:24.062432,ABANDONED,1Z972442,Next Day Air
9C188CE0,INBOUND,Juniper,2025-11-07 23:18:24.062432,DELIVERED,1Z556839,Next Day Air
98432DDA,OUTBOUND,Dell,2025-11-12 23:18:24.062432,DELIVERED,1Z882033,Expedited
65E3DDA2,INBOUND,Cisco,2025-10-20 23:18:24.062432,DELIVERED,1Z635280,Next Day Air
05A2E21B,INBOUND,Dell,2025-10-06 23:18:24.062432,DELIVERED,1Z468154,Next Day Air
850F5437,INBOUND,Juniper,2026-01-04 23:18:24.062432,DELIVERED,1Z207798,Standard
84979195,INBOUND,Cisco,2025-10-24 23:18:24.062432,DELIVERED,1Z285751,Next Day Air
50E59826,OUTBOUND,Dell,2025-11-24 23:18:24.062432,DELIVERED,1Z757685,Expedited
D61BDD29,OUTBOUND,Panduit,2025-10-11 23:18:24.062432,DELIVERED,1Z762055,Expedited
A136E6E8,INBOUND,Dell,2026-01-01 23:18:24.062432,DELIVERED,1Z631981,Standard
60871868,INBOUND,Cisco,2025-10-31 23:18:24.062432,DELIVERED,1Z486649,Expedited
A81D1384,INBOUND,Panduit,2025-10-01 23:18:24.062432,DELIVERED,1Z585188,Next Day Air
58A47E85,INBOUND,Panduit,2025-12-01 23:18:24.062432,ABANDONED,1Z949153,Next Day Air
91622309,OUTBOUND,Juniper,2025-12-14 23:18:24.062432,DELIVERED,1Z164879,Expedited
11AB7A34,OUTBOUND,Cisco,2025-10-05 23:18:24.062432,PENDING,1Z629057,Next Day Air
50A98887,OUTBOUND,Panduit,2025-10-14 23:18:24.062432,DELIVERED,1Z649525,Next Day Air
0EAD5382,OUTBOUND,Dell,2025-12-09 23:18:24.062432,DELIVERED,1Z506235,Expedited
2B2AAC5C,INBOUND,Dell,2025-12-30 23:18:24.062432,DELIVERED,1Z169113,Expedited
B5E44205,OUTBOUND,Dell,2025-10-04 23:18:24.062432,DELIVERED,1Z364236,Next Day Air
89C72E9B,INBOUND,Dell,2026-01-09 23:18:24.062432,DELIVERED,1Z185461,Next Day Air
D1CE2EA3,OUTBOUND,Dell,2025-12-15 23:18:24.062432,DELIVERED,1Z787923,Next Day Air
7A727F73,INBOUND,Dell,2025-12-15 23:18:24.062432,DELIVERED,1Z686072,Expedited
9AF686E3,INBOUND,Cisco,2025-12-13 23:18:24.062432,IN-TRANSIT,1Z777406,Next Day Air
73DFD4B7,INBOUND,Dell,2025-11-15 23:18:24.062432,DELIVERED,1Z423869,Standard
D84ED871,OUTBOUND,Juniper,2025-10-19 23:18:24.062432,DELIVERED,1Z337547,Standard
8B863C6A,INBOUND,Cisco,2025-10-11 23:18:24.062432,DELIVERED,1Z794083,Expedited
CF9993CB,INBOUND,Panduit,2026-01-12 23:18:24.062432,IN-TRANSIT,1Z261745,Standard
82C7FAC1,INBOUND,Panduit,2025-10-15 23:18:24.062432,PENDING,1Z145814,Expedited
D7EC360E,INBOUND,Panduit,2025-11-07 23:18:24.062432,DELIVERED,1Z740255,Expedited
600AFE02,OUTBOUND,Juniper,2025-12-27 23:18:24.062432,IN-TRANSIT,1Z659951,Standard
A435D1FC,OUTBOUND,Juniper,2025-10-31 23:18:24.062432,ABANDONED,1Z485709,Next Day Air
52152671,OUTBOUND,Dell,2025-12-04 23:18:24.062432,ABANDONED,1Z915922,Expedited
68145699,INBOUND,Juniper,2025-11-25 23:18:24.062432,DELIVERED,1Z940181,Next Day Air
192DFFC3,INBOUND,Panduit,2025-10-09 23:18:24.062432,PENDING,1Z489244,Next Day Air
DC9E9044,INBOUND,Dell,2025-10-05 23:18:24.062432,IN-TRANSIT,1Z187949,Standard
D6E6AAB9,INBOUND,Panduit,2025-10-26 23:18:24.062432,DELIVERED,1Z196168,Standard
ED8978A5,OUTBOUND,Cisco,2026-01-04 23:18:24.062432,DELIVERED,1Z535050,Standard
8F0D6B26,INBOUND,Panduit,2025-11-11 23:18:24.062432,DELIVERED,1Z185569,Expedited
8C869CB2,INBOUND,Dell,2025-10-20 23:18:24.062432,DELIVERED,1Z929822,Standard
CE3B79EE,OUTBOUND,Juniper,2025-10-09 23:18:24.062432,DELIVERED,1Z895702,Next Day Air
88F2A1BC,INBOUND,Cisco,2025-11-21 23:18:24.062432,DELIVERED,1Z119927,Expedited
10A2B140,OUTBOUND,Cisco,2025-10-19 23:18:24.062432,PENDING,1Z913875,Expedited
52CC2DBE,INBOUND,Juniper,2025-10-22 23:18:24.062432,DELIVERED,1Z540218,Next Day Air
5570B7D1,INBOUND,Cisco,2026-01-01 23:18:24.062432,DELIVERED,1Z977330,Expedited
10F8128D,INBOUND,Juniper,2025-12-07 23:18:24.062432,DELIVERED,1Z405420,Expedited
7566AB31,INBOUND,Panduit,2025-09-22 23:18:24.062432,DELIVERED,1Z296412,Next Day Air
CC4D28D1,OUTBOUND,Cisco,2025-12-16 23:18:24.062432,DELIVERED,1Z651613,Next Day Air
DBB2C047,INBOUND,Panduit,2025-11-25 23:18:24.062432,IN-TRANSIT,1Z592972,Standard
C5EB62E9,OUTBOUND,Dell,2025-12-12 23:18:24.062432,DELIVERED,1Z883618,Standard
B9C0F007,OUTBOUND,Juniper,2025-11-06 23:18:24.062432,IN-TRANSIT,1Z868544,Next Day Air
BF27A3CF,OUTBOUND,Juniper,2025-12-11 23:18:24.062432,DELIVERED,1Z146489,Expedited
8D83A434,INBOUND,Panduit,2025-11-30 23:18:24.062432,DELIVERED,1Z829168,Expedited
88FA0DFD,INBOUND,Cisco,2025-12-11 23:18:24.062432,DELIVERED,1Z850827,Expedited
CB442DE8,INBOUND,Juniper,2025-09-26 23:18:24.062432,DELIVERED,1Z143941,Expedited
7DA8C876,OUTBOUND,Dell,2025-10-31 23:18:24.062432,DELIVERED,1Z138399,Next Day Air
31F11049,INBOUND,Dell,2025-10-16 23:18:24.062432,DELIVERED,1Z386488,Standard
02621E3D,OUTBOUND,Panduit,2026-01-02 23:18:24.062432,DELIVERED,1Z505426,Expedited
25358C35,OUTBOUND,Dell,2025-10-15 23:18:24.062432,DELIVERED,1Z936020,Next Day Air
91DCCDE2,OUTBOUND,Cisco,2025-10-26 23:18:24.062432,PENDING,1Z551524,Next Day Air
0F0F9EBB,OUTBOUND,Dell,2026-01-05 23:18:24.062432,DELIVERED,1Z207581,Standard
2E36A449,OUTBOUND,Panduit,2025-11-02 23:18:24.062432,DELIVERED,1Z731894,Next Day Air
822A5F61,OUTBOUND,Dell,2025-11-15 23:18:24.062432,DELIVERED,1Z568849,Standard
4A508D5A,OUTBOUND,Panduit,2025-12-24 23:18:24.062432,PENDING,1Z387892,Next Day Air
03107FDA,INBOUND,Panduit,2026-01-01 23:18:24.062432,PENDING,1Z480959,Next Day Air
94C41FDA,INBOUND,Cisco,2026-01-02 23:18:24.062432,IN-TRANSIT,1Z249715,Next Day Air
D04A6D2F,INBOUND,Juniper,2025-12-17 23:18:24.062432,IN-TRANSIT,1Z170499,Standard
2243999F,OUTBOUND,Panduit,2025-12-30 23:18:24.062432,DELIVERED,1Z694799,Standard
831905CA,OUTBOUND,Dell,2025-12-08 23:18:24.062432,DELIVERED,1Z490084,Expedited
732457F4,INBOUND,Dell,2025-12-28 23:18:24.062432,DELIVERED,1Z517368,Expedited
20FA12CE,INBOUND,Cisco,2025-12-14 23:18:24.062432,DELIVERED,1Z871411,Standard
9065FDCE,INBOUND,Dell,2025-11-24 23:18:24.062432,DELIVERED,1Z912609,Expedited
1BEFB4F1,OUTBOUND,Panduit,2025-12-21 23:18:24.062432,DELIVERED,1Z309902,Standard
471AAA86,OUTBOUND,Juniper,2025-10-09 23:18:24.062432,PENDING,1Z848022,Expedited
FF5177FD,OUTBOUND,Dell,2025-10-03 23:18:24.062432,PENDING,1Z844007,Standard
0A1D85A1,OUTBOUND,Juniper,2025-12-01 23:18:24.062432,DELIVERED,1Z846385,Next Day Air
9AE459B2,OUTBOUND,Juniper,2025-12-20 23:18:24.062432,DELIVERED,1Z227257,Standard
7F06622C,OUTBOUND,Cisco,2026-01-01 23:18:24.062432,DELIVERED,1Z478427,Next Day Air
9A9BBA9B,INBOUND,Cisco,2025-12-04 23:18:24.062432,DELIVERED,1Z168941,Expedited
40A52FDA,OUTBOUND,Panduit,2025-11-11 23:18:24.062432,ABANDONED,1Z906527,Expedited
848A9137,INBOUND,Dell,2026-01-05 23:18:24.062432,DELIVERED,1Z773540,Standard
5FFE83DD,OUTBOUND,Juniper,2025-11-18 23:18:24.062432,DELIVERED,1Z969325,Next Day Air
3BC17DC8,INBOUND,Panduit,2025-12-12 23:18:24.062432,DELIVERED,1Z627290,Standard
B96A317E,INBOUND,Dell,2026-01-06 23:18:24.062432,DELIVERED,1Z272655,Standard
AB0D8CE7,INBOUND,Dell,2025-11-02 23:18:24.062432,PENDING,1Z644103,Expedited
78AB80BD,INBOUND,Dell,2026-01-08 23:18:24.062432,DELIVERED,1Z231250,Next Day Air
3092872B,INBOUND,Juniper,2025-10-30 23:18:24.062432,DELIVERED,1Z720556,Next Day Air
5D74F80F,OUTBOUND,Cisco,2025-10-11 23:18:24.062432,DELIVERED,1Z965322,Standard
397F71E7,OUTBOUND,Juniper,2025-10-02 23:18:24.062432,DELIVERED,1Z904214,Next Day Air
1AED4357,INBOUND,Panduit,2025-11-14 23:18:24.062432,DELIVERED,1Z757629,Next Day Air
9BECD188,OUTBOUND,Panduit,2025-10-29 23:18:24.062432,DELIVERED,1Z356773,Next Day Air
1F2FF269,INBOUND,Cisco,2025-11-12 23:18:24.062432,DELIVERED,1Z265759,Expedited
A5CF6749,INBOUND,Dell,2025-11-14 23:18:24.062432,DELIVERED,1Z736129,Standard
CEBBFEEE,OUTBOUND,Dell,2025-11-01 23:18:24.062432,PENDING,1Z518084,Standard
0F43CF13,INBOUND,Dell,2025-12-28 23:18:24.062432,DELIVERED,1Z353480,Expedited
704DF1D4,INBOUND,Juniper,2025-10-07 23:18:24.062432,DELIVERED,1Z201514,Standard
3A59C065,OUTBOUND,Juniper,2025-10-29 23:18:24.062432,PENDING,1Z267457,Expedited
96410841,INBOUND,Juniper,2025-12-04 23:18:24.062432,IN-TRANSIT,1Z622469,Next Day Air
5BF7617E,OUTBOUND,Panduit,2025-11-20 23:18:24.062432,DELIVERED,1Z124302,Standard
F3EA65DD,INBOUND,Juniper,2025-11-11 23:18:24.062432,DELIVERED,1Z711680,Expedited
9E7EEDE8,OUTBOUND,Panduit,2025-09-28 23:18:24.062432,DELIVERED,1Z399628,Next Day Air
16526D9E,OUTBOUND,Juniper,2025-09-23 23:18:24.062432,PENDING,1Z377319,Next Day Air
75DB856B,OUTBOUND,Cisco,2025-11-07 23:18:24.062432,IN-TRANSIT,1Z520040,Standard
568A84E2,OUTBOUND,Dell,2025-12-03 23:18:24.062432,DELIVERED,1Z177103,Expedited
C4B45797,OUTBOUND,Cisco,2025-11-25 23:18:24.062432,DELIVERED,1Z234913,Standard
87F4D552,OUTBOUND,Dell,2025-11-11 23:18:24.062432,DELIVERED,1Z891638,Standard
AD8BC3B5,OUTBOUND,Cisco,2025-10-17 23:18:24.062432,DELIVERED,1Z147504,Standard
4BDD7960,OUTBOUND,Panduit,2025-10-09 23:18:24.062432,IN-TRANSIT,1Z256175,Next Day Air
08BD06CA,OUTBOUND,Dell,2026-01-14 23:18:24.062432,DELIVERED,1Z270395,Expedited
E1CCEF7C,OUTBOUND,Dell,2025-12-09 23:18:24.062432,IN-TRANSIT,1Z631958,Next Day Air
991F135A,OUTBOUND,Panduit,2025-11-29 23:18:24.062432,DELIVERED,1Z955374,Standard
40FA8CC4,INBOUND,Panduit,2025-11-08 23:18:24.062432,DELIVERED,1Z712056,Expedited
1742ED0F,INBOUND,Panduit,2026-01-01 23:18:24.062432,PENDING,1Z378428,Next Day Air
CB8DE2F4,INBOUND,Cisco,2025-12-31 23:18:24.062432,ABANDONED,1Z711868,Expedited
C7D0765F,OUTBOUND,Juniper,2025-10-13 23:18:24.062432,DELIVERED,1Z961574,Next Day Air
3C76A09B,INBOUND,Juniper,2025-10-23 23:18:24.062432,DELIVERED,1Z119857,Expedited
5D5DD114,OUTBOUND,Juniper,2025-11-01 23:18:24.062432,DELIVERED,1Z530311,Next Day Air
26C00C53,OUTBOUND,Cisco,2025-12-30 23:18:24.062432,DELIVERED,1Z840058,Standard
260930F3,OUTBOUND,Panduit,2025-11-27 23:18:24.062432,DELIVERED,1Z651002,Expedited
9B44ED04,OUTBOUND,Dell,2025-11-01 23:18:24.062432,ABANDONED,1Z672808,Expedited
FA187104,OUTBOUND,Panduit,2025-12-17 23:18:24.062432,IN-TRANSIT,1Z301603,Standard
BCD09A78,INBOUND,Dell,2025-10-27 23:18:24.062432,DELIVERED,1Z908634,Expedited
925EF99A,OUTBOUND,Dell,2025-12-21 23:18:24.062432,DELIVERED,1Z603110,Expedited
E20D5C47,OUTBOUND,Dell,2025-12-02 23:18:24.062432,PENDING,1Z227794,Next Day Air
A14DABA2,OUTBOUND,Dell,2025-12-17 23:18:24.062432,DELIVERED,1Z910616,Standard
BC47BB1A,INBOUND,Dell,2025-10-29 23:18:24.062432,DELIVERED,1Z563864,Next Day Air
F14B478E,INBOUND,Juniper,2025-10-24 23:18:24.062432,IN-TRANSIT,1Z968170,Next Day Air
CA55D880,OUTBOUND,Juniper,2025-10-26 23:18:24.062432,PENDING,1Z214532,Next Day Air
D0979CBB,INBOUND,Cisco,2025-12-25 23:18:24.062432,DELIVERED,1Z802371,Next Day Air
A74CCB4C,INBOUND,Cisco,2025-10-20 23:18:24.062432,DELIVERED,1Z533377,Expedited
F52E3B8C,INBOUND,Cisco,2025-12-22 23:18:24.062432,DELIVERED,1Z677086,Standard
FEDB9214,OUTBOUND,Panduit,2025-11-13 23:18:24.062432,DELIVERED,1Z782139,Standard
12904830,OUTBOUND,Dell,2025-12-27 23:18:24.062432,ABANDONED,1Z777273,Standard
30D308C5,INBOUND,Cisco,2025-12-29 23:18:24.062432,DELIVERED,1Z283568,Expedited
E71DFEBC,INBOUND,Panduit,2026-01-12 23:18:24.062432,PENDING,1Z926236,Expedited
DE5383F1,OUTBOUND,Cisco,2025-10-15 23:18:24.062432,PENDING,1Z109717,Expedited
38CB27E9,OUTBOUND,Dell,2025-12-03 23:18:24.062432,DELIVERED,1Z576419,Next Day Air
7A6504A3,INBOUND,Panduit,2025-11-30 23:18:24.062432,DELIVERED,1Z386090,Standard
B67F62CB,INBOUND,Panduit,2026-01-03 23:18:24.062432,DELIVERED,1Z779776,Expedited
6D12EF5C,OUTBOUND,Dell,2025-12-22 23:18:24.062432,DELIVERED,1Z695361,Next Day Air
66D0AC62,OUTBOUND,Panduit,2025-12-27 23:18:24.062432,DELIVERED,1Z640310,Expedited
01346F75,INBOUND,Juniper,2025-10-03 23:18:24.062432,DELIVERED,1Z247442,Expedited
879E2CFF,INBOUND,Dell,2025-11-02 23:18:24.062432,PENDING,1Z502206,Standard
B9CA5067,OUTBOUND,Dell,2025-11-18 23:18:24.062432,IN-TRANSIT,1Z710754,Next Day Air
EBA8DE83,OUTBOUND,Juniper,2025-12-04 23:18:24.062432,DELIVERED,1Z165142,Next Day Air
856AECD8,INBOUND,Panduit,2025-10-07 23:18:24.062432,DELIVERED,1Z819400,Next Day Air
81A2DF90,OUTBOUND,Cisco,2026-01-14 23:18:24.062432,PENDING,1Z769737,Expedited
F1357A96,INBOUND,Juniper,2025-11-08 23:18:24.062432,DELIVERED,1Z601410,Standard
892E5844,OUTBOUND,Panduit,2025-11-19 23:18:24.062432,IN-TRANSIT,1Z836038,Next Day Air
2C691CBC,INBOUND,Juniper,2025-11-21 23:18:24.062432,IN-TRANSIT,1Z813390,Next Day Air
D5239233,OUTBOUND,Dell,2026-01-11 23:18:24.062432,IN-TRANSIT,1Z181896,Next Day Air
308FCAC5,INBOUND,Juniper,2025-10-06 23:18:24.062432,DELIVERED,1Z272529,Expedited
D7427C16,INBOUND,Juniper,2026-01-09 23:18:24.062432,DELIVERED,1Z851742,Next Day Air
F692AE41,OUTBOUND,Cisco,2025-11-23 23:18:24.062432,DELIVERED,1Z575458,Standard
5D606682,INBOUND,Panduit,2025-11-26 23:18:24.062432,DELIVERED,1Z805448,Expedited
3FEB694A,OUTBOUND,Cisco,2025-12-23 23:18:24.062432,DELIVERED,1Z882032,Standard
53444D3F,OUTBOUND,Dell,2025-12-05 23:18:24.062432,DELIVERED,1Z834406,Standard
DD4FFEB0,INBOUND,Panduit,2025-11-30 23:18:24.062432,ABANDONED,1Z133276,Expedited
47D77365,INBOUND,Panduit,2025-11-13 23:18:24.062432,DELIVERED,1Z492650,Expedited
69B93F39,OUTBOUND,Panduit,2025-11-18 23:18:24.062432,PENDING,1Z184148,Next Day Air
CFEF5E04,INBOUND,Dell,2025-12-15 23:18:24.062432,PENDING,1Z224395,Standard
6C24C679,INBOUND,Juniper,2025-11-29 23:18:24.062432,DELIVERED,1Z975373,Standard
8C073FD8,OUTBOUND,Panduit,2025-12-27 23:18:24.062432,DELIVERED,1Z806215,Next Day Air
43B84438,OUTBOUND,Juniper,2025-11-30 23:18:24.062432,DELIVERED,1Z359535,Expedited
8548FBC4,INBOUND,Cisco,2025-11-05 23:18:24.062432,DELIVERED,1Z133782,Next Day Air
DFB4E677,INBOUND,Juniper,2025-11-14 23:18:24.062432,DELIVERED,1Z316092,Standard
1DDE8ABD,OUTBOUND,Cisco,2025-10-04 23:18:24.062432,DELIVERED,1Z356622,Next Day Air
88773175,INBOUND,Juniper,2025-09-27 23:18:24.062432,DELIVERED,1Z891030,Standard
CE8FDE56,OUTBOUND,Juniper,2025-10-09 23:18:24.062432,DELIVERED,1Z955413,Next Day Air
67A73859,OUTBOUND,Juniper,2025-12-04 23:18:24.062432,DELIVERED,1Z416422,Standard
01722BC0,OUTBOUND,Dell,2025-12-15 23:18:24.062432,DELIVERED,1Z388519,Standard
29A43A4B,INBOUND,Panduit,2025-12-02 23:18:24.062432,PENDING,1Z682851,Expedited
1411173A,OUTBOUND,Dell,2025-09-28 23:18:24.062432,ABANDONED,1Z830132,Expedited
4EA9EDC1,OUTBOUND,Juniper,2025-11-13 23:18:24.062432,DELIVERED,1Z891062,Next Day Air
F25F723E,INBOUND,Dell,2025-11-21 23:18:24.062432,DELIVERED,1Z999197,Next Day Air
5D38E2E2,INBOUND,Panduit,2025-10-10 23:18:24.062432,PENDING,1Z536740,Next Day Air
713B0C31,INBOUND,Dell,2025-11-28 23:18:24.062432,DELIVERED,1Z313214,Expedited
3654E4C9,OUTBOUND,Dell,2025-12-13 23:18:24.062432,DELIVERED,1Z196955,Next Day Air
CD9D1C0E,INBOUND,Dell,2025-12-23 23:18:24.062432,PENDING,1Z495489,Next Day Air
73D2BCC6,INBOUND,Juniper,2025-12-08 23:18:24.062432,DELIVERED,1Z943737,Next Day Air
C8909113,INBOUND,Panduit,2025-12-23 23:18:24.062432,DELIVERED,1Z319036,Expedited
7770B0B0,INBOUND,Juniper,2025-10-30 23:18:24.062432,ABANDONED,1Z299254,Next Day Air
DD48F920,OUTBOUND,Juniper,2025-10-07 23:18:24.062432,IN-TRANSIT,1Z829417,Next Day Air
3868D3BB,INBOUND,Dell,2025-12-21 23:18:24.062432,DELIVERED,1Z913185,Expedited
B536E2CB,OUTBOUND,Dell,2025-11-09 23:18:24.062432,DELIVERED,1Z374267,Expedited
EA50ADE6,OUTBOUND,Cisco,2025-11-26 23:18:24.062432,PENDING,1Z941814,Next Day Air
A7A94568,OUTBOUND,Juniper,2025-11-21 23:18:24.062432,IN-TRANSIT,1Z488712,Expedited
9973E5AC,INBOUND,Juniper,2025-11-13 23:18:24.062432,DELIVERED,1Z117007,Expedited
0171EDCA,OUTBOUND,Dell,2025-12-01 23:18:24.062432,PENDING,1Z259814,Standard
A3C7C28D,INBOUND,Panduit,2025-11-03 23:18:24.062432,DELIVERED,1Z677390,Next Day Air
3539094B,OUTBOUND,Panduit,2025-12-18 23:18:24.062432,DELIVERED,1Z583214,Standard
955C0593,INBOUND,Juniper,2025-12-24 23:18:24.062432,IN-TRANSIT,1Z855303,Next Day Air
7937C61F,INBOUND,Cisco,2025-11-23 23:18:24.062432,DELIVERED,1Z979827,Standard
83A8B29B,INBOUND,Panduit,2026-01-04 23:18:24.062432,DELIVERED,1Z244170,Next Day Air
0B5D0319,INBOUND,Cisco,2025-10-21 23:18:24.062432,DELIVERED,1Z329344,Next Day Air
38B6D657,OUTBOUND,Panduit,2025-11-19 23:18:24.062432,DELIVERED,1Z116495,Standard
80D4EE9A,INBOUND,Cisco,2025-11-29 23:18:24.062432,DELIVERED,1Z655134,Next Day Air
DE0C8F27,OUTBOUND,Cisco,2025-10-27 23:18:24.062432,DELIVERED,1Z626611,Next Day Air
04730C39,INBOUND,Cisco,2025-12-17 23:18:24.062432,DELIVERED,1Z200992,Next Day Air
D33A6572,OUTBOUND,Dell,2025-10-11 23:18:24.062432,DELIVERED,1Z380310,Expedited
3ABBEE35,OUTBOUND,Panduit,2025-10-02 23:18:24.062432,DELIVERED,1Z692447,Standard
95F130BD,INBOUND,Cisco,2025-12-20 23:18:24.062432,DELIVERED,1Z198042,Expedited
28A28679,OUTBOUND,Cisco,2025-11-09 23:18:24.062432,DELIVERED,1Z767678,Standard
6648137A,OUTBOUND,Panduit,2025-12-20 23:18:24.062432,DELIVERED,1Z776234,Expedited
B0A82A02,INBOUND,Cisco,2025-12-03 23:18:24.062432,ABANDONED,1Z340927,Standard
9E36B6BF,OUTBOUND,Dell,2026-01-15 23:18:24.062432,PENDING,1Z148823,Standard
5DC4F2AE,INBOUND,Juniper,2025-12-18 23:18:24.062432,PENDING,1Z991737,Expedited
F04AD99E,INBOUND,Panduit,2025-09-24 23:18:24.062432,ABANDONED,1Z180674,Expedited
57646881,OUTBOUND,Dell,2025-10-12 23:18:24.062432,DELIVERED,1Z502491,Next Day Air
F1FD5215,INBOUND,Dell,2025-10-09 23:18:24.062432,IN-TRANSIT,1Z156304,Standard
8B7D8373,INBOUND,Dell,2025-11-16 23:18:24.062432,DELIVERED,1Z734565,Next Day Air
A63D013F,OUTBOUND,Cisco,2025-12-07 23:18:24.062432,DELIVERED,1Z764926,Expedited
6946C0AE,OUTBOUND,Juniper,2025-12-31 23:18:24.062432,ABANDONED,1Z473095,Next Day Air
79F9C37E,OUTBOUND,Cisco,2025-11-09 23:18:24.062432,DELIVERED,1Z909676,Next Day Air
82A86C6A,INBOUND,Cisco,2025-10-29 23:18:24.062432,IN-TRANSIT,1Z380989,Standard
E063FE31,INBOUND,Panduit,2025-11-09 23:18:24.062432,IN-TRANSIT,1Z432061,Expedited
9E6E8F09,OUTBOUND,Panduit,2025-10-05 23:18:24.062432,DELIVERED,1Z477400,Expedited
768C30FE,INBOUND,Panduit,2025-10-05 23:18:24.062432,DELIVERED,1Z570646,Next Day Air
342B856D,INBOUND,Cisco,2025-12-02 23:18:24.062432,DELIVERED,1Z193972,Expedited
6C040AF7,OUTBOUND,Panduit,2025-12-01 23:18:24.062432,DELIVERED,1Z112940,Expedited
618BE122,INBOUND,Juniper,2025-11-13 23:18:24.062432,DELIVERED,1Z699743,Next Day Air
F0D59F2B,INBOUND,Juniper,2025-10-13 23:18:24.062432,DELIVERED,1Z381981,Expedited
4A2933E0,INBOUND,Juniper,2025-10-26 23:18:24.062432,DELIVERED,1Z555791,Expedited
86F1ADB6,INBOUND,Dell,2025-11-14 23:18:24.062432,DELIVERED,1Z363926,Standard
6397F33A,INBOUND,Panduit,2025-12-23 23:18:24.062432,DELIVERED,1Z212168,Standard
1EB87A61,OUTBOUND,Dell,2025-10-30 23:18:24.062432,DELIVERED,1Z982495,Next Day Air
EC161C6A,OUTBOUND,Panduit,2025-11-09 23:18:24.062432,PENDING,1Z450996,Expedited
F8975F11,INBOUND,Dell,2026-01-04 23:18:24.062432,PENDING,1Z436241,Next Day Air
1AA46B6C,OUTBOUND,Juniper,2025-12-19 23:18:24.062432,DELIVERED,1Z517584,Expedited
C96A5EC2,OUTBOUND,Juniper,2025-10-29 23:18:24.062432,IN-TRANSIT,1Z441716,Expedited
AC2B8924,OUTBOUND,Dell,2025-10-27 23:18:24.062432,PENDING,1Z219420,Next Day Air
C7D32BB2,INBOUND,Cisco,2025-10-17 23:18:24.062432,DELIVERED,1Z862538,Expedited
31E4E512,OUTBOUND,Cisco,2025-12-21 23:18:24.062432,DELIVERED,1Z958747,Expedited
A78E789D,OUTBOUND,Juniper,2025-12-17 23:18:24.062432,DELIVERED,1Z364955,Next Day Air
CB2A7559,OUTBOUND,Cisco,2025-10-11 23:18:24.062432,IN-TRANSIT,1Z570880,Next Day Air
8E4AB828,OUTBOUND,Cisco,2025-11-22 23:18:24.062432,DELIVERED,1Z929130,Expedited
D6624659,INBOUND,Cisco,2025-12-20 23:18:24.062432,PENDING,1Z906306,Standard
E837BD6C,INBOUND,Cisco,2025-12-15 23:18:24.062432,DELIVERED,1Z690579,Next Day Air
540485C2,OUTBOUND,Panduit,2025-12-17 23:18:24.062432,DELIVERED,1Z211090,Standard
DA171E16,INBOUND,Panduit,2025-10-04 23:18:24.062432,DELIVERED,1Z492292,Expedited
CEDF2A1C,INBOUND,Dell,2025-11-20 23:18:24.062432,IN-TRANSIT,1Z125755,Expedited
60277B05,INBOUND,Cisco,2025-10-05 23:18:24.062432,DELIVERED,1Z971699,Next Day Air
B4DAD741,OUTBOUND,Panduit,2025-10-10 23:18:24.062432,DELIVERED,1Z922366,Standard
30E9D1EB,OUTBOUND,Cisco,2025-11-27 23:18:24.062432,DELIVERED,1Z559450,Next Day Air
06B4D25C,INBOUND,Dell,2025-12-20 23:18:24.062432,DELIVERED,1Z146853,Next Day Air
FF01BAAF,OUTBOUND,Cisco,2025-10-06 23:18:24.062432,DELIVERED,1Z810032,Standard
0A485531,INBOUND,Juniper,2025-12-25 23:18:24.062432,DELIVERED,1Z447067,Next Day Air
49430AFA,INBOUND,Panduit,2025-11-15 23:18:24.062432,ABANDONED,1Z760351,Standard
515D74C5,OUTBOUND,Panduit,2025-10-15 23:18:24.062432,DELIVERED,1Z130610,Next Day Air
91F197D0,OUTBOUND,Panduit,2025-12-09 23:18:24.062432,PENDING,1Z507723,Standard
AE585638,OUTBOUND,Cisco,2025-12-21 23:18:24.062432,DELIVERED,1Z705393,Standard
7C905F7B,INBOUND,Dell,2026-01-02 23:18:24.062432,PENDING,1Z441819,Standard
A4216B4B,OUTBOUND,Dell,2025-11-19 23:18:24.062432,DELIVERED,1Z725969,Expedited
7F971443,INBOUND,Dell,2025-12-09 23:18:24.062432,DELIVERED,1Z469082,Expedited
1FA42042,OUTBOUND,Cisco,2025-12-10 23:18:24.062432,DELIVERED,1Z804758,Standard
45E87278,OUTBOUND,Cisco,2025-11-01 23:18:24.062432,DELIVERED,1Z291936,Expedited
2B2F4076,OUTBOUND,Panduit,2025-12-19 23:18:24.062432,DELIVERED,1Z725397,Standard
199BBE6B,INBOUND,Panduit,2025-12-04 23:18:24.062432,DELIVERED,1Z766371,Next Day Air
DB833790,INBOUND,Juniper,2025-12-19 23:18:24.062432,PENDING,1Z613426,Expedited
FA097CA1,OUTBOUND,Cisco,2025-10-09 23:18:24.062432,DELIVERED,1Z476479,Standard
8B5CB81E,OUTBOUND,Panduit,2025-11-23 23:18:24.062432,DELIVERED,1Z529008,Next Day Air
20FEB25B,OUTBOUND,Panduit,2025-11-23 23:18:24.062432,DELIVERED,1Z275377,Standard
EC963370,INBOUND,Dell,2025-12-03 23:18:24.062432,DELIVERED,1Z134283,Expedited
043BB28E,INBOUND,Panduit,2025-10-20 23:18:24.062432,DELIVERED,1Z693127,Next Day Air
389ADADA,INBOUND,Cisco,2025-12-29 23:18:24.062432,IN-TRANSIT,1Z380901,Next Day Air
5500295A,INBOUND,Panduit,2026-01-05 23:18:24.062432,ABANDONED,1Z672892,Standard
946915C8,INBOUND,Dell,2025-11-15 23:18:24.062432,DELIVERED,1Z133796,Expedited
25861704,INBOUND,Panduit,2025-10-25 23:18:24.062432,DELIVERED,1Z223088,Standard
2FC9E664,OUTBOUND,Panduit,2025-10-18 23:18:24.062432,PENDING,1Z274044,Next Day Air
BDCEC5F7,INBOUND,Cisco,2025-10-09 23:18:24.062432,IN-TRANSIT,1Z697766,Expedited
DC9C05DD,INBOUND,Dell,2025-11-29 23:18:24.062432,DELIVERED,1Z838253,Expedited
8C0598E6,INBOUND,Juniper,2025-10-29 23:18:24.062432,DELIVERED,1Z886530,Expedited
9EE61CC3,INBOUND,Juniper,2025-09-29 23:18:24.062432,ABANDONED,1Z361805,Standard
EE010039,INBOUND,Panduit,2025-12-22 23:18:24.062432,DELIVERED,1Z613234,Standard
7F68B8BC,OUTBOUND,Panduit,2025-12-04 23:18:24.062432,DELIVERED,1Z573947,Standard
66E24698,INBOUND,Panduit,2025-12-12 23:18:24.062432,IN-TRANSIT,1Z640659,Next Day Air
9C713133,OUTBOUND,Panduit,2025-10-27 23:18:24.062432,DELIVERED,1Z611751,Expedited
82FC81F5,INBOUND,Panduit,2025-12-05 23:18:24.062432,DELIVERED,1Z765678,Next Day Air
3187E762,INBOUND,Panduit,2025-12-20 23:18:24.062432,DELIVERED,1Z328411,Expedited
6EA88DED,OUTBOUND,Dell,2026-01-05 23:18:24.062432,DELIVERED,1Z968581,Expedited
17FEA75E,INBOUND,Panduit,2025-11-04 23:18:24.062432,DELIVERED,1Z926596,Expedited
02819787,INBOUND,Cisco,2026-01-14 23:18:24.062432,DELIVERED,1Z204411,Next Day Air
94F1B5B1,INBOUND,Cisco,2025-12-31 23:18:24.062432,PENDING,1Z999312,Standard
3DAAA906,OUTBOUND,Juniper,2025-11-17 23:18:24.062432,DELIVERED,1Z822040,Standard
6EF02491,INBOUND,Dell,2026-01-12 23:18:24.062432,DELIVERED,1Z197874,Next Day Air
88507DEC,OUTBOUND,Juniper,2025-11-07 23:18:24.062432,DELIVERED,1Z154302,Expedited
699B9FAF,INBOUND,Panduit,2025-12-11 23:18:24.062432,DELIVERED,1Z787326,Standard
67395DA3,INBOUND,Panduit,2025-12-21 23:18:24.062432,DELIVERED,1Z181724,Standard
DE80BE99,OUTBOUND,Cisco,2025-12-06 23:18:24.062432,DELIVERED,1Z108454,Next Day Air
38BE71B3,OUTBOUND,Juniper,2025-11-04 23:18:24.062432,PENDING,1Z600905,Standard
D5DDB738,INBOUND,Cisco,2025-10-21 23:18:24.062432,DELIVERED,1Z428572,Expedited
348EF3CA,OUTBOUND,Juniper,2026-01-12 23:18:24.062432,DELIVERED,1Z772741,Next Day Air
437F88EB,INBOUND,Juniper,2025-10-10 23:18:24.062432,DELIVERED,1Z561477,Expedited
46A7EE23,INBOUND,Panduit,2025-12-23 23:18:24.062432,DELIVERED,1Z746002,Next Day Air
703B82C3,INBOUND,Cisco,2025-11-17 23:18:24.062432,PENDING,1Z246814,Standard
DEF3EB55,OUTBOUND,Panduit,2025-12-06 23:18:24.062432,IN-TRANSIT,1Z429780,Standard
D630873B,INBOUND,Juniper,2025-10-23 23:18:24.062432,DELIVERED,1Z680278,Next Day Air
758B611C,OUTBOUND,Cisco,2025-12-07 23:18:24.062432,IN-TRANSIT,1Z989079,Next Day Air
9612BE48,INBOUND,Panduit,2026-01-12 23:18:24.062432,DELIVERED,1Z409898,Next Day Air
1A70701E,INBOUND,Panduit,2025-09-28 23:18:24.062432,IN-TRANSIT,1Z504630,Standard
C14DAD7D,INBOUND,Cisco,2025-10-22 23:18:24.062432,DELIVERED,1Z478638,Expedited
3C6FE0E2,OUTBOUND,Dell,2025-10-08 23:18:24.062432,DELIVERED,1Z672896,Next Day Air
3118F2ED,INBOUND,Cisco,2025-10-14 23:18:24.062432,IN-TRANSIT,1Z715895,Standard
3410F87B,INBOUND,Cisco,2025-09-23 23:18:24.062432,DELIVERED,1Z927630,Expedited
D9AF0906,OUTBOUND,Panduit,2025-11-25 23:18:24.062432,DELIVERED,1Z835901,Expedited
E8D8AF7C,INBOUND,Dell,2025-10-02 23:18:24.062432,DELIVERED,1Z187657,Expedited
64D22B4D,INBOUND,Juniper,2025-10-02 23:18:24.062432,DELIVERED,1Z662445,Expedited
A4BCA595,INBOUND,Dell,2025-11-11 23:18:24.062432,DELIVERED,1Z832614,Expedited
85C1387F,INBOUND,Cisco,2025-12-24 23:18:24.062432,ABANDONED,1Z356355,Standard
6E877EE8,INBOUND,Dell,2025-11-16 23:18:24.062432,DELIVERED,1Z798435,Next Day Air
11C887DF,INBOUND,Cisco,2025-12-15 23:18:24.062432,IN-TRANSIT,1Z842287,Standard
92D1F014,OUTBOUND,Dell,2025-12-20 23:18:24.062432,DELIVERED,1Z648410,Next Day Air
2CABE133,OUTBOUND,Juniper,2025-12-31 23:18:24.062432,PENDING,1Z489933,Standard
6BAA3FD6,OUTBOUND,Cisco,2025-12-26 23:18:24.062432,IN-TRANSIT,1Z908903,Standard
35468260,OUTBOUND,Cisco,2025-11-03 23:18:24.062432,PENDING,1Z375722,Next Day Air
03281D13,OUTBOUND,Panduit,2025-12-04 23:18:24.062432,DELIVERED,1Z635593,Expedited
A45FED0D,INBOUND,Dell,2025-09-29 23:18:24.062432,DELIVERED,1Z264951,Expedited
026B36FB,INBOUND,Juniper,2025-12-29 23:18:24.062432,DELIVERED,1Z876764,Next Day Air
D9E903C0,INBOUND,Juniper,2025-09-22 23:18:24.062432,DELIVERED,1Z148215,Expedited
254D157F,INBOUND,Juniper,2025-11-07 23:18:24.062432,DELIVERED,1Z999138,Standard
000811A3,OUTBOUND,Juniper,2025-12-01 23:18:24.062432,PENDING,1Z437433,Standard
81721F7D,OUTBOUND,Dell,2025-11-14 23:18:24.062432,PENDING,1Z966120,Standard
6055E012,INBOUND,Juniper,2025-12-04 23:18:24.062432,DELIVERED,1Z334026,Next Day Air
7328C169,INBOUND,Panduit,2025-09-27 23:18:24.062432,ABANDONED,1Z396020,Expedited
C55034BB,OUTBOUND,Cisco,2025-11-02 23:18:24.062432,DELIVERED,1Z486839,Standard
7E3E9E0F,OUTBOUND,Juniper,2025-10-29 23:18:24.062432,DELIVERED,1Z586462,Expedited
4F477F8E,INBOUND,Juniper,2025-12-06 23:18:24.062432,ABANDONED,1Z257880,Standard
653B5336,OUTBOUND,Cisco,2025-11-13 23:18:24.062432,DELIVERED,1Z451291,Standard
7869058C,OUTBOUND,Cisco,2025-12-28 23:18:24.062432,DELIVERED,1Z315161,Next Day Air
9BAAAC28,INBOUND,Juniper,2025-10-22 23:18:24.062432,DELIVERED,1Z846221,Expedited
B36AC8BB,INBOUND,Panduit,2025-10-03 23:18:24.062432,DELIVERED,1Z834891,Expedited
146924A9,INBOUND,Cisco,2025-11-19 23:18:24.062432,ABANDONED,1Z629979,Standard
CAECF8EE,INBOUND,Cisco,2025-12-12 23:18:24.062432,PENDING,1Z556112,Next Day Air
FFCA006B,OUTBOUND,Dell,2025-10-08 23:18:24.062432,DELIVERED,1Z939717,Expedited
9E106C45,OUTBOUND,Dell,2025-12-20 23:18:24.062432,PENDING,1Z574751,Expedited
096328C5,INBOUND,Juniper,2025-10-21 23:18:24.062432,DELIVERED,1Z917823,Next Day Air
1C408A94,INBOUND,Panduit,2025-10-05 23:18:24.062432,DELIVERED,1Z588694,Expedited
1E4ED0E2,OUTBOUND,Juniper,2025-11-13 23:18:24.062432,DELIVERED,1Z573869,Expedited
4AF49064,INBOUND,Cisco,2025-11-20 23:18:24.062432,DELIVERED,1Z265271,Next Day Air
965EA3D8,INBOUND,Juniper,2025-10-30 23:18:24.062432,PENDING,1Z976530,Expedited
A4DBF0DC,INBOUND,Dell,2025-10-10 23:18:24.062432,DELIVERED,1Z515492,Next Day Air
E4D1AE99,OUTBOUND,Juniper,2025-09-28 23:18:24.062432,DELIVERED,1Z132591,Expedited
D9634FB0,INBOUND,Cisco,2026-01-09 23:18:24.062432,DELIVERED,1Z584487,Standard
835BB10C,INBOUND,Cisco,2026-01-02 23:18:24.062432,IN-TRANSIT,1Z164664,Standard
151A4C82,OUTBOUND,Dell,2025-10-08 23:18:24.062432,DELIVERED,1Z819622,Next Day Air
3EC2C199,OUTBOUND,Cisco,2025-12-13 23:18:24.062432,DELIVERED,1Z122859,Standard
7602489D,OUTBOUND,Juniper,2025-10-17 23:18:24.062432,PENDING,1Z196446,Expedited
DCA006F3,OUTBOUND,Cisco,2025-10-07 23:18:24.062432,DELIVERED,1Z276149,Next Day Air
C66F55E2,OUTBOUND,Panduit,2025-11-16 23:18:24.062432,PENDING,1Z130914,Expedited
D3D96946,OUTBOUND,Juniper,2025-12-18 23:18:24.062432,DELIVERED,1Z296242,Expedited
7E430DA4,INBOUND,Cisco,2025-10-27 23:18:24.062432,DELIVERED,1Z743937,Next Day Air
68019548,OUTBOUND,Panduit,2025-12-09 23:18:24.062432,DELIVERED,1Z532005,Next Day Air
4FA23C18,OUTBOUND,Panduit,2025-11-22 23:18:24.062432,DELIVERED,1Z243902,Expedited
BB82FB65,INBOUND,Cisco,2025-10-17 23:18:24.062432,DELIVERED,1Z501078,Next Day Air
227ABF6F,OUTBOUND,Dell,2025-11-06 23:18:24.062432,DELIVERED,1Z693128,Next Day Air
4EAE8FCC,INBOUND,Cisco,2025-11-02 23:18:24.062432,DELIVERED,1Z434367,Next Day Air
997AAB32,OUTBOUND,Cisco,2025-10-20 23:18:24.062432,DELIVERED,1Z947935,Expedited
160C90B2,INBOUND,Juniper,2025-11-28 23:18:24.062432,DELIVERED,1Z204998,Standard
71779BE1,INBOUND,Juniper,2025-12-15 23:18:24.062432,DELIVERED,1Z703656,Expedited
4BDC71B5,INBOUND,Juniper,2025-11-06 23:18:24.062432,PENDING,1Z348041,Next Day Air
1DC26432,OUTBOUND,Cisco,2025-11-01 23:18:24.062432,PENDING,1Z837623,Next Day Air
9560B5C8,INBOUND,Juniper,2025-11-06 23:18:24.062432,PENDING,1Z977340,Expedited
7BE4B603,OUTBOUND,Cisco,2025-11-30 23:18:24.062432,DELIVERED,1Z194641,Standard
38A5D392,INBOUND,Panduit,2025-10-21 23:18:24.062432,DELIVERED,1Z100716,Expedited
DF4F4AB8,INBOUND,Dell,2025-12-09 23:18:24.062432,DELIVERED,1Z851763,Standard
F8BD0015,OUTBOUND,Cisco,2026-01-02 23:18:24.062432,PENDING,1Z122977,Standard
229BCD42,INBOUND,Cisco,2025-12-06 23:18:24.062432,IN-TRANSIT,1Z987599,Next Day Air
DD989ABB,INBOUND,Dell,2026-01-10 23:18:24.062432,DELIVERED,1Z838761,Next Day Air
42FE1BAF,OUTBOUND,Dell,2025-11-11 23:18:24.062432,DELIVERED,1Z438273,Standard
9EC6A904,OUTBOUND,Panduit,2025-10-12 23:18:24.062432,IN-TRANSIT,1Z780714,Expedited
7D255F1A,OUTBOUND,Juniper,2025-10-14 23:18:24.062432,IN-TRANSIT,1Z797860,Next Day Air
EA772A8D,OUTBOUND,Dell,2026-01-04 23:18:24.062432,DELIVERED,1Z233534,Standard
1E2AEE2A,OUTBOUND,Cisco,2025-12-24 23:18:24.062432,DELIVERED,1Z290926,Next Day Air
4A49F511,INBOUND,Cisco,2025-11-01 23:18:24.062432,PENDING,1Z620287,Standard
07AFA69D,INBOUND,Dell,2025-11-03 23:18:24.062432,IN-TRANSIT,1Z435039,Standard
7F28103E,INBOUND,Dell,2025-12-12 23:18:24.062432,PENDING,1Z568325,Standard
22D0CD67,INBOUND,Dell,2025-10-25 23:18:24.062432,DELIVERED,1Z369125,Standard
7EFBB440,OUTBOUND,Panduit,2025-12-23 23:18:24.062432,DELIVERED,1Z868170,Expedited
04182E75,OUTBOUND,Panduit,2025-10-13 23:18:24.062432,PENDING,1Z468292,Next Day Air
15985069,OUTBOUND,Juniper,2025-11-09 23:18:24.062432,DELIVERED,1Z270557,Expedited
A2EE1CA1,INBOUND,Dell,2025-10-01 23:18:24.062432,IN-TRANSIT,1Z121053,Expedited
51959810,INBOUND,Dell,2025-10-25 23:18:24.062432,ABANDONED,1Z278368,Expedited
E735C74E,INBOUND,Dell,2025-10-12 23:18:24.062432,IN-TRANSIT,1Z722886,Next Day Air
C9842A3D,INBOUND,Panduit,2026-01-14 23:18:24.062432,DELIVERED,1Z785386,Standard
87FEF58F,INBOUND,Cisco,2025-12-08 23:18:24.062432,PENDING,1Z206176,Expedited
4DC19D3D,OUTBOUND,Dell,2025-10-18 23:18:24.062432,ABANDONED,1Z792687,Expedited
B6B7FEAB,INBOUND,Panduit,2025-10-30 23:18:24.062432,DELIVERED,1Z699544,Next Day Air
BB0B8DAC,INBOUND,Dell,2026-01-07 23:18:24.062432,DELIVERED,1Z104000,Expedited
510847FE,OUTBOUND,Juniper,2025-10-03 23:18:24.062432,DELIVERED,1Z201698,Standard
FADEE9BB,OUTBOUND,Cisco,2025-10-18 23:18:24.062432,DELIVERED,1Z596574,Standard
3C9BE79A,OUTBOUND,Panduit,2025-10-31 23:18:24.062432,IN-TRANSIT,1Z793150,Expedited
11A20FE3,OUTBOUND,Juniper,2025-10-03 23:18:24.062432,DELIVERED,1Z489043,Expedited
6759B840,INBOUND,Dell,2025-11-08 23:18:24.062432,DELIVERED,1Z561101,Expedited
6971F5F9,OUTBOUND,Cisco,2025-10-25 23:18:24.062432,DELIVERED,1Z258471,Next Day Air
AEB79B97,OUTBOUND,Panduit,2025-12-16 23:18:24.062432,DELIVERED,1Z893202,Next Day Air
33098D33,OUTBOUND,Panduit,2025-10-21 23:18:24.062432,DELIVERED,1Z661527,Next Day Air
7899D710,INBOUND,Panduit,2026-01-10 23:18:24.062432,PENDING,1Z413369,Standard
C658FDF7,INBOUND,Juniper,2025-11-11 23:18:24.062432,PENDING,1Z226124,Expedited
93B347AD,INBOUND,Juniper,2025-10-14 23:18:24.062432,PENDING,1Z947732,Standard
E3FC34A9,INBOUND,Panduit,2025-10-08 23:18:24.062432,DELIVERED,1Z311727,Next Day Air
45503697,OUTBOUND,Dell,2025-10-10 23:18:24.062432,PENDING,1Z862422,Standard
C42E621C,OUTBOUND,Dell,2025-10-03 23:18:24.062432,DELIVERED,1Z998235,Expedited
875EBC3C,INBOUND,Panduit,2025-11-27 23:18:24.062432,DELIVERED,1Z217984,Expedited
E5143367,INBOUND,Cisco,2025-10-11 23:18:24.062432,DELIVERED,1Z690016,Standard
41CFDAE1,OUTBOUND,Panduit,2025-12-31 23:18:24.062432,DELIVERED,1Z376967,Expedited
EEFC277F,OUTBOUND,Cisco,2025-12-14 23:18:24.062432,DELIVERED,1Z280564,Expedited
C7CA12BD,OUTBOUND,Cisco,2025-11-12 23:18:24.062432,DELIVERED,1Z515018,Expedited
A42E2463,OUTBOUND,Dell,2025-12-19 23:18:24.062432,DELIVERED,1Z490532,Standard
FA6F7ED9,OUTBOUND,Dell,2025-11-04 23:18:24.062432,PENDING,1Z393964,Expedited
E0682C76,INBOUND,Juniper,2026-01-09 23:18:24.062432,DELIVERED,1Z240913,Expedited
E07D9408,OUTBOUND,Dell,2025-12-26 23:18:24.062432,DELIVERED,1Z864201,Expedited
67617414,INBOUND,Panduit,2025-12-08 23:18:24.062432,DELIVERED,1Z321659,Expedited
526309E7,OUTBOUND,Cisco,2025-12-25 23:18:24.062432,DELIVERED,1Z640299,Standard
43DE1D51,OUTBOUND,Juniper,2025-09-30 23:18:24.062432,DELIVERED,1Z918430,Next Day Air
FE2D7160,INBOUND,Juniper,2026-01-12 23:18:24.062432,DELIVERED,1Z973390,Standard
91C4C25F,INBOUND,Panduit,2026-01-07 23:18:24.062432,DELIVERED,1Z153015,Expedited
96B1C196,OUTBOUND,Panduit,2025-12-21 23:18:24.062432,DELIVERED,1Z629663,Expedited
D0847BC7,INBOUND,Juniper,2025-12-12 23:18:24.062432,PENDING,1Z490559,Expedited
56BC8F6D,OUTBOUND,Dell,2025-12-07 23:18:24.062432,DELIVERED,1Z460971,Standard
3128E4C5,INBOUND,Dell,2026-01-07 23:18:24.062432,PENDING,1Z128783,Expedited
6FECA4F4,INBOUND,Juniper,2025-09-28 23:18:24.062432,DELIVERED,1Z778827,Standard
B79DA30C,OUTBOUND,Cisco,2025-12-17 23:18:24.062432,DELIVERED,1Z918207,Next Day Air
772B2183,INBOUND,Juniper,2025-09-23 23:18:24.062432,DELIVERED,1Z730343,Standard
173F84A7,OUTBOUND,Dell,2025-10-20 23:18:24.062432,DELIVERED,1Z544393,Expedited
8EDE2C45,OUTBOUND,Juniper,2026-01-09 23:18:24.062432,DELIVERED,1Z589368,Expedited
172D79F5,OUTBOUND,Cisco,2025-12-17 23:18:24.062432,DELIVERED,1Z107704,Next Day Air
27210900,OUTBOUND,Dell,2025-12-15 23:18:24.062432,ABANDONED,1Z412974,Next Day Air
14C06C61,OUTBOUND,Dell,2025-10-05 23:18:24.062432,DELIVERED,1Z771712,Expedited
10DBF6EB,OUTBOUND,Juniper,2026-01-10 23:18:24.062432,DELIVERED,1Z257212,Next Day Air
B9556B9F,INBOUND,Panduit,2025-12-28 23:18:24.062432,DELIVERED,1Z792616,Expedited
F578F568,INBOUND,Panduit,2025-12-18 23:18:24.062432,DELIVERED,1Z409963,Expedited
633107A5,INBOUND,Juniper,2025-11-14 23:18:24.062432,DELIVERED,1Z459836,Next Day Air
F48B4397,OUTBOUND,Dell,2025-12-22 23:18:24.062432,DELIVERED,1Z631958,Expedited
D43D2672,INBOUND,Dell,2026-01-08 23:18:24.062432,DELIVERED,1Z202344,Expedited
6A3879BD,INBOUND,Dell,2025-10-08 23:18:24.062432,IN-TRANSIT,1Z786224,Standard
356E15EE,OUTBOUND,Panduit,2025-10-20 23:18:24.062432,DELIVERED,1Z926372,Expedited
B5C088CC,OUTBOUND,Panduit,2025-11-08 23:18:24.062432,DELIVERED,1Z992562,Standard
7CD04D7B,INBOUND,Panduit,2025-11-21 23:18:24.062432,DELIVERED,1Z303993,Next Day Air
D2078E1D,OUTBOUND,Dell,2025-10-07 23:18:24.062432,PENDING,1Z533174,Standard
6B910F9E,INBOUND,Juniper,2026-01-11 23:18:24.062432,PENDING,1Z459315,Expedited
900458E0,OUTBOUND,Juniper,2025-12-03 23:18:24.062432,PENDING,1Z431752,Next Day Air
EF39BEEC,OUTBOUND,Dell,2025-10-15 23:18:24.062432,IN-TRANSIT,1Z761685,Standard
BAC421F1,INBOUND,Panduit,2025-11-01 23:18:24.062432,DELIVERED,1Z386814,Standard
717CB3A4,INBOUND,Panduit,2025-12-28 23:18:24.062432,IN-TRANSIT,1Z923353,Standard
220C6C37,OUTBOUND,Panduit,2025-10-08 23:18:24.062432,DELIVERED,1Z549865,Expedited
37D66D5B,INBOUND,Dell,2025-11-10 23:18:24.062432,DELIVERED,1Z114760,Expedited
A9A3F36B,INBOUND,Cisco,2025-12-27 23:18:24.062432,PENDING,1Z809621,Standard
B174EDC9,INBOUND,Dell,2025-12-11 23:18:24.062432,IN-TRANSIT,1Z427252,Standard
204A8724,OUTBOUND,Juniper,2025-10-05 23:18:24.062432,DELIVERED,1Z168458,Standard
EF3731B0,OUTBOUND,Dell,2025-10-30 23:18:24.062432,PENDING,1Z554730,Next Day Air
2CBFFFF9,OUTBOUND,Dell,2025-10-09 23:18:24.062432,DELIVERED,1Z886553,Standard
DFA3B47F,OUTBOUND,Cisco,2025-10-13 23:18:24.062432,PENDING,1Z339513,Standard
82A3B1AE,INBOUND,Cisco,2025-12-24 23:18:24.062432,ABANDONED,1Z718337,Next Day Air
D7E81610,INBOUND,Panduit,2025-10-13 23:18:24.062432,DELIVERED,1Z771425,Expedited
5939FC67,INBOUND,Cisco,2025-12-29 23:18:24.062432,DELIVERED,1Z794125,Standard
B1ED0A92,INBOUND,Cisco,2025-12-14 23:18:24.062432,PENDING,1Z537020,Expedited
A8919E25,OUTBOUND,Panduit,2025-11-09 23:18:24.062432,DELIVERED,1Z835962,Standard
CF99F358,INBOUND,Dell,2025-10-18 23:18:24.062432,DELIVERED,1Z541315,Next Day Air
CABA0FB6,OUTBOUND,Juniper,2025-10-04 23:18:24.062432,DELIVERED,1Z539170,Standard
3F75864E,INBOUND,Dell,2025-11-26 23:18:24.062432,IN-TRANSIT,1Z219550,Standard
FC46C363,INBOUND,Dell,2025-11-24 23:18:24.062432,DELIVERED,1Z971889,Next Day Air
B4F45E39,OUTBOUND,Dell,2025-10-17 23:18:24.062432,DELIVERED,1Z268163,Standard
E90D7B6C,INBOUND,Panduit,2025-12-01 23:18:24.062432,DELIVERED,1Z446663,Standard
6FCD79F0,INBOUND,Cisco,2025-09-22 23:18:24.062432,DELIVERED,1Z975804,Next Day Air
C22D7B0A,INBOUND,Cisco,2025-12-16 23:18:24.062432,DELIVERED,1Z858711,Next Day Air
17877974,INBOUND,Panduit,2025-10-04 23:18:24.062432,PENDING,1Z410401,Expedited
CE32EA3F,INBOUND,Cisco,2025-11-20 23:18:24.062432,DELIVERED,1Z993647,Expedited
C164CFC8,OUTBOUND,Panduit,2025-11-07 23:18:24.062432,PENDING,1Z874415,Standard
6F91BEAE,INBOUND,Cisco,2025-10-04 23:18:24.062432,PENDING,1Z993385,Standard
2A5C2007,OUTBOUND,Dell,2025-12-15 23:18:24.062432,DELIVERED,1Z558976,Next Day Air
F1C887E0,INBOUND,Dell,2025-10-26 23:18:24.062432,PENDING,1Z954551,Expedited
6A04EC5E,OUTBOUND,Panduit,2025-10-15 23:18:24.062432,DELIVERED,1Z385037,Expedited
1E410690,OUTBOUND,Juniper,2025-12-19 23:18:24.062432,PENDING,1Z218548,Standard
8767895A,INBOUND,Cisco,2025-12-20 23:18:24.062432,IN-TRANSIT,1Z536236,Next Day Air
336AF558,OUTBOUND,Juniper,2025-11-22 23:18:24.062432,PENDING,1Z741018,Expedited
94FA1F30,INBOUND,Juniper,2025-12-30 23:18:24.062432,DELIVERED,1Z606545,Expedited
E59AABF5,OUTBOUND,Cisco,2025-10-06 23:18:24.062432,PENDING,1Z166412,Expedited
9F2E145F,INBOUND,Dell,2025-12-14 23:18:24.062432,DELIVERED,1Z644315,Next Day Air
544F6DDD,INBOUND,Panduit,2025-12-19 23:18:24.062432,IN-TRANSIT,1Z793856,Next Day Air
C4443601,OUTBOUND,Juniper,2025-10-23 23:18:24.062432,DELIVERED,1Z979789,Next Day Air
4E17DB4F,INBOUND,Cisco,2026-01-14 23:18:24.062432,ABANDONED,1Z774652,Standard
9CEDC6A8,OUTBOUND,Juniper,2025-11-25 23:18:24.062432,PENDING,1Z178501,Expedited
1DB16277,OUTBOUND,Cisco,2025-11-02 23:18:24.062432,DELIVERED,1Z631553,Standard
FAE2C6FD,OUTBOUND,Juniper,2025-12-01 23:18:24.062432,DELIVERED,1Z182659,Expedited
047C8AC2,OUTBOUND,Cisco,2025-11-17 23:18:24.062432,PENDING,1Z998198,Expedited
FE09C32A,OUTBOUND,Cisco,2025-11-18 23:18:24.062432,DELIVERED,1Z207629,Expedited
8A89F5F3,INBOUND,Cisco,2025-11-13 23:18:24.062432,DELIVERED,1Z930244,Next Day Air
54943B66,INBOUND,Panduit,2025-12-10 23:18:24.062432,DELIVERED,1Z457411,Expedited
1736587F,INBOUND,Panduit,2026-01-05 23:18:24.062432,DELIVERED,1Z448098,Next Day Air
3E07ADC2,OUTBOUND,Dell,2025-12-29 23:18:24.062432,DELIVERED,1Z850689,Expedited
D3D05D59,INBOUND,Cisco,2025-10-06 23:18:24.062432,DELIVERED,1Z457938,Expedited
77557D08,OUTBOUND,Dell,2026-01-06 23:18:24.062432,DELIVERED,1Z836201,Standard
65EC196D,OUTBOUND,Juniper,2025-09-27 23:18:24.062432,PENDING,1Z961760,Next Day Air
CEC132C4,INBOUND,Dell,2025-12-26 23:18:24.062432,IN-TRANSIT,1Z740524,Standard
FA8F9ED0,OUTBOUND,Juniper,2025-10-16 23:18:24.062432,DELIVERED,1Z579247,Standard
0AF72F5D,OUTBOUND,Cisco,2025-12-22 23:18:24.062432,DELIVERED,1Z764000,Next Day Air
0153DB89,OUTBOUND,Panduit,2025-12-06 23:18:24.062432,DELIVERED,1Z790441,Next Day Air
09FC43A9,OUTBOUND,Cisco,2025-11-25 23:18:24.062432,DELIVERED,1Z656127,Next Day Air
A8BBE70B,OUTBOUND,Panduit,2025-09-28 23:18:24.062432,DELIVERED,1Z633025,Standard
884748F4,INBOUND,Cisco,2025-12-19 23:18:24.062432,DELIVERED,1Z506224,Next Day Air
62F7D939,OUTBOUND,Panduit,2025-12-07 23:18:24.062432,DELIVERED,1Z539001,Next Day Air
929FB2B7,OUTBOUND,Panduit,2025-12-19 23:18:24.062432,IN-TRANSIT,1Z459513,Expedited
B79E208C,INBOUND,Panduit,2025-11-18 23:18:24.062432,PENDING,1Z731792,Next Day Air
9CFA59C9,OUTBOUND,Dell,2026-01-13 23:18:24.062432,IN-TRANSIT,1Z846454,Next Day Air
B465E807,INBOUND,Juniper,2025-12-01 23:18:24.062432,DELIVERED,1Z754487,Next Day Air
7669A3BE,INBOUND,Juniper,2025-10-29 23:18:24.062432,DELIVERED,1Z628370,Next Day Air
009BB168,INBOUND,Dell,2025-12-19 23:18:24.062432,DELIVERED,1Z689593,Expedited
6D178E51,OUTBOUND,Dell,2025-12-05 23:18:24.062432,DELIVERED,1Z988459,Expedited
086E43C2,INBOUND,Cisco,2026-01-03 23:18:24.062432,DELIVERED,1Z499371,Standard
03C6F7F8,INBOUND,Dell,2025-09-28 23:18:24.062432,DELIVERED,1Z886626,Standard
7CE198DD,INBOUND,Cisco,2025-10-28 23:18:24.062432,DELIVERED,1Z824141,Expedited
A762CBEE,INBOUND,Dell,2025-10-18 23:18:24.062432,IN-TRANSIT,1Z953568,Expedited
E809DD4A,INBOUND,Panduit,2025-10-05 23:18:24.062432,DELIVERED,1Z349136,Next Day Air
E63735D6,OUTBOUND,Cisco,2025-12-31 23:18:24.062432,IN-TRANSIT,1Z500118,Expedited
18CA70F0,OUTBOUND,Cisco,2025-11-14 23:18:24.062432,ABANDONED,1Z113595,Next Day Air
6C227ED0,OUTBOUND,Juniper,2025-10-24 23:18:24.062432,DELIVERED,1Z764575,Next Day Air
E7BC9595,INBOUND,Juniper,2025-12-21 23:18:24.062432,DELIVERED,1Z408467,Expedited
97D91FEF,INBOUND,Juniper,2025-10-14 23:18:24.062432,ABANDONED,1Z282237,Next Day Air
92FC6CA0,INBOUND,Panduit,2025-11-26 23:18:24.062432,DELIVERED,1Z392670,Next Day Air
B9FACEC1,OUTBOUND,Cisco,2025-10-25 23:18:24.062432,DELIVERED,1Z446620,Expedited
234540B8,INBOUND,Juniper,2025-12-21 23:18:24.062432,PENDING,1Z438302,Next Day Air
8664AB55,OUTBOUND,Panduit,2025-09-28 23:18:24.062432,IN-TRANSIT,1Z928278,Next Day Air
373F9B93,OUTBOUND,Juniper,2025-12-01 23:18:24.062432,DELIVERED,1Z292800,Next Day Air
FD833FD0,INBOUND,Panduit,2025-09-30 23:18:24.062432,IN-TRANSIT,1Z669460,Next Day Air
5181BA63,INBOUND,Juniper,2025-11-12 23:18:24.062432,DELIVERED,1Z795556,Expedited
FF0582AD,INBOUND,Panduit,2025-11-03 23:18:24.062432,DELIVERED,1Z688602,Next Day Air
6125F4E1,OUTBOUND,Panduit,2025-09-23 23:18:24.062432,DELIVERED,1Z352023,Next Day Air
FF395E16,INBOUND,Cisco,2025-12-09 23:18:24.062432,PENDING,1Z815706,Expedited
BDFB73AD,INBOUND,Panduit,2025-11-09 23:18:24.062432,PENDING,1Z369054,Next Day Air
A5DFBC4F,OUTBOUND,Panduit,2025-12-23 23:18:24.062432,DELIVERED,1Z610451,Standard
C7BF90E9,INBOUND,Dell,2025-10-29 23:18:24.062432,PENDING,1Z638857,Standard
6628CBC3,INBOUND,Cisco,2025-10-04 23:18:24.062432,DELIVERED,1Z321020,Next Day Air
0EEFA952,OUTBOUND,Cisco,2025-12-11 23:18:24.062432,IN-TRANSIT,1Z315565,Next Day Air
27D1FC6A,OUTBOUND,Cisco,2026-01-06 23:18:24.062432,IN-TRANSIT,1Z883171,Next Day Air
3D9A90D7,OUTBOUND,Cisco,2025-10-11 23:18:24.062432,DELIVERED,1Z191772,Standard
7E8C3031,OUTBOUND,Cisco,2025-09-28 23:18:24.062432,DELIVERED,1Z702891,Standard
38B7F6A7,OUTBOUND,Panduit,2025-10-25 23:18:24.062432,DELIVERED,1Z554059,Expedited
DC203171,INBOUND,Cisco,2025-09-24 23:18:24.062432,DELIVERED,1Z772580,Next Day Air
3718FB4E,INBOUND,Cisco,2025-12-10 23:18:24.062432,DELIVERED,1Z475075,Next Day Air
C897843C,OUTBOUND,Cisco,2025-10-05 23:18:24.062432,DELIVERED,1Z395192,Expedited
97F7043A,INBOUND,Panduit,2025-11-09 23:18:24.062432,DELIVERED,1Z263917,Next Day Air
2F2E5035,OUTBOUND,Dell,2025-10-20 23:18:24.062432,DELIVERED,1Z764845,Standard
DD13B295,OUTBOUND,Cisco,2025-10-30 23:18:24.062432,DELIVERED,1Z680412,Next Day Air
3923C779,INBOUND,Panduit,2025-10-10 23:18:24.062432,DELIVERED,1Z663244,Next Day Air
C65FBCB1,OUTBOUND,Juniper,2025-10-02 23:18:24.062432,DELIVERED,1Z532699,Next Day Air
BFD0D7F0,INBOUND,Juniper,2026-01-08 23:18:24.062432,DELIVERED,1Z331512,Next Day Air
AD52B8E0,INBOUND,Juniper,2026-01-06 23:18:24.062432,DELIVERED,1Z803571,Next Day Air
AAFE3500,OUTBOUND,Cisco,2026-01-09 23:18:24.062432,DELIVERED,1Z404771,Next Day Air
C024389B,INBOUND,Panduit,2025-09-30 23:18:24.062432,DELIVERED,1Z446922,Expedited
F894FF75,INBOUND,Cisco,2025-10-08 23:18:24.062432,DELIVERED,1Z398987,Next Day Air
0B0DFA20,OUTBOUND,Panduit,2025-09-30 23:18:24.062432,PENDING,1Z572536,Expedited
AFE56747,INBOUND,Dell,2025-12-09 23:18:24.062432,DELIVERED,1Z946934,Expedited
1C26F6B4,OUTBOUND,Juniper,2025-11-15 23:18:24.062432,DELIVERED,1Z923824,Standard
C5E89A67,OUTBOUND,Dell,2025-12-22 23:18:24.062432,IN-TRANSIT,1Z980919,Expedited
D0093181,OUTBOUND,Panduit,2025-10-09 23:18:24.062432,DELIVERED,1Z585331,Expedited
E446A082,OUTBOUND,Cisco,2025-11-06 23:18:24.062432,IN-TRANSIT,1Z284308,Next Day Air
67B5CD44,OUTBOUND,Juniper,2025-12-08 23:18:24.062432,DELIVERED,1Z664781,Standard
0E4F7A04,INBOUND,Cisco,2025-10-25 23:18:24.062432,IN-TRANSIT,1Z119535,Next Day Air
D8157464,OUTBOUND,Juniper,2025-12-11 23:18:24.062432,DELIVERED,1Z138436,Next Day Air
301B1345,OUTBOUND,Juniper,2025-10-25 23:18:24.062432,DELIVERED,1Z483588,Expedited
12EB5008,OUTBOUND,Juniper,2025-10-20 23:18:24.062432,PENDING,1Z587274,Next Day Air
A1EA1A11,OUTBOUND,Cisco,2025-11-26 23:18:24.062432,DELIVERED,1Z794868,Standard
8BAF8637,INBOUND,Juniper,2026-01-08 23:18:24.062432,ABANDONED,1Z567896,Standard
30942BD3,INBOUND,Panduit,2025-10-14 23:18:24.062432,DELIVERED,1Z476224,Standard
D9B3EE1D,INBOUND,Cisco,2025-10-20 23:18:24.062432,IN-TRANSIT,1Z377198,Expedited
576A4CFB,INBOUND,Dell,2025-10-21 23:18:24.062432,DELIVERED,1Z506945,Expedited
E046BDAC,INBOUND,Dell,2025-11-19 23:18:24.062432,PENDING,1Z208239,Next Day Air
AB73092F,OUTBOUND,Dell,2025-11-27 23:18:24.062432,DELIVERED,1Z706739,Next Day Air
59ACAC5C,OUTBOUND,Dell,2025-12-03 23:18:24.062432,DELIVERED,1Z716225,Next Day Air
5D6858F2,OUTBOUND,Panduit,2026-01-14 23:18:24.062432,PENDING,1Z333726,Next Day Air
0D63347A,OUTBOUND,Panduit,2025-11-12 23:18:24.062432,DELIVERED,1Z931161,Expedited
A24B4D15,INBOUND,Panduit,2026-01-13 23:18:24.062432,DELIVERED,1Z273650,Standard
25FFBB9E,OUTBOUND,Juniper,2025-10-01 23:18:24.062432,DELIVERED,1Z257538,Standard
59CA0800,INBOUND,Juniper,2025-10-12 23:18:24.062432,DELIVERED,1Z534753,Expedited
3EBDCA04,OUTBOUND,Panduit,2025-12-23 23:18:24.062432,DELIVERED,1Z320939,Next Day Air
F3FF07E9,OUTBOUND,Cisco,2025-10-12 23:18:24.062432,DELIVERED,1Z355506,Standard
241C4268,INBOUND,Juniper,2025-10-08 23:18:24.062432,DELIVERED,1Z760120,Next Day Air
D0FCD255,INBOUND,Cisco,2025-09-27 23:18:24.062432,PENDING,1Z274421,Expedited
11DC1BFD,OUTBOUND,Cisco,2025-10-15 23:18:24.062432,DELIVERED,1Z854500,Next Day Air
9578EA30,INBOUND,Juniper,2025-12-15 23:18:24.062432,PENDING,1Z571023,Next Day Air
60A94044,INBOUND,Juniper,2025-11-21 23:18:24.062432,PENDING,1Z970699,Expedited
25808250,INBOUND,Dell,2025-12-07 23:18:24.062432,DELIVERED,1Z275868,Next Day Air
A79D7B59,OUTBOUND,Cisco,2025-12-18 23:18:24.062432,DELIVERED,1Z340977,Expedited
FF82ED05,INBOUND,Juniper,2025-11-10 23:18:24.062432,DELIVERED,1Z648102,Next Day Air
362D29A1,INBOUND,Cisco,2025-12-18 23:18:24.062432,DELIVERED,1Z286040,Expedited
9960252C,INBOUND,Cisco,2026-01-15 23:18:24.062432,DELIVERED,1Z197716,Expedited
2C44229F,INBOUND,Panduit,2025-12-15 23:18:24.062432,DELIVERED,1Z647403,Expedited
F3D42702,OUTBOUND,Juniper,2025-11-08 23:18:24.062432,PENDING,1Z941272,Expedited
B67C5A84,OUTBOUND,Cisco,2026-01-01 23:18:24.062432,IN-TRANSIT,1Z546157,Standard
2D20D256,INBOUND,Cisco,2025-10-24 23:18:24.062432,DELIVERED,1Z397026,Next Day Air
AB02F196,OUTBOUND,Juniper,2026-01-12 23:18:24.062432,DELIVERED,1Z105735,Next Day Air
8C56044F,INBOUND,Cisco,2025-12-26 23:18:24.062432,IN-TRANSIT,1Z493247,Next Day Air
E6925835,OUTBOUND,Panduit,2025-10-18 23:18:24.062432,DELIVERED,1Z479867,Standard
932A4644,OUTBOUND,Dell,2025-10-11 23:18:24.062432,DELIVERED,1Z996508,Next Day Air
68F08C84,OUTBOUND,Panduit,2025-11-15 23:18:24.062432,DELIVERED,1Z891645,Standard
0516D0E2,OUTBOUND,Juniper,2025-11-13 23:18:24.062432,DELIVERED,1Z488196,Next Day Air
D3AA24C9,OUTBOUND,Dell,2025-12-02 23:18:24.062432,DELIVERED,1Z911801,Next Day Air
D1BC409E,INBOUND,Juniper,2025-11-11 23:18:24.062432,IN-TRANSIT,1Z568288,Next Day Air
22142C7F,OUTBOUND,Dell,2025-10-12 23:18:24.062432,DELIVERED,1Z939756,Next Day Air
39E73F2E,INBOUND,Juniper,2025-12-09 23:18:24.062432,DELIVERED,1Z508004,Next Day Air
0438FCA2,INBOUND,Panduit,2025-09-22 23:18:24.062432,PENDING,1Z729402,Expedited
AB6224D7,INBOUND,Dell,2025-10-03 23:18:24.062432,DELIVERED,1Z183927,Next Day Air
5BA68D88,OUTBOUND,Dell,2025-09-26 23:18:24.062432,IN-TRANSIT,1Z846172,Next Day Air
36F82255,INBOUND,Panduit,2025-09-29 23:18:24.062432,PENDING,1Z560295,Standard
B07FF63F,OUTBOUND,Juniper,2025-10-17 23:18:24.062432,PENDING,1Z135241,Next Day Air
1408CDE7,INBOUND,Juniper,2025-11-26 23:18:24.062432,DELIVERED,1Z806765,Standard
D8CBA715,INBOUND,Juniper,2025-11-07 23:18:24.062432,DELIVERED,1Z191061,Expedited
A7079B61,OUTBOUND,Panduit,2025-12-30 23:18:24.062432,DELIVERED,1Z714549,Standard
03E3154C,INBOUND,Cisco,2025-11-27 23:18:24.062432,DELIVERED,1Z676289,Expedited
9E2FE0EC,OUTBOUND,Dell,2025-12-23 23:18:24.062432,PENDING,1Z955129,Expedited
5BE40483,INBOUND,Panduit,2025-10-20 23:18:24.062432,DELIVERED,1Z523579,Next Day Air
E851970C,OUTBOUND,Cisco,2025-09-22 23:18:24.062432,DELIVERED,1Z685766,Standard
F097ECEA,INBOUND,Dell,2025-11-25 23:18:24.062432,DELIVERED,1Z664032,Next Day Air
EC7C00F0,OUTBOUND,Panduit,2025-10-24 23:18:24.062432,DELIVERED,1Z907369,Standard
550253C4,OUTBOUND,Panduit,2025-12-27 23:18:24.062432,DELIVERED,1Z715332,Standard
EA16D207,INBOUND,Panduit,2025-11-22 23:18:24.062432,DELIVERED,1Z764442,Standard
875B7DE1,OUTBOUND,Panduit,2025-12-17 23:18:24.062432,IN-TRANSIT,1Z470248,Next Day Air
4D84659A,OUTBOUND,Juniper,2025-11-29 23:18:24.062432,DELIVERED,1Z401244,Standard
17F71C33,OUTBOUND,Cisco,2025-11-12 23:18:24.062432,DELIVERED,1Z681489,Standard
D0CEBDD5,INBOUND,Dell,2025-11-21 23:18:24.062432,DELIVERED,1Z291663,Next Day Air
26E02B0D,INBOUND,Panduit,2025-12-18 23:18:24.062432,PENDING,1Z872918,Standard
66B2CD28,OUTBOUND,Juniper,2025-10-22 23:18:24.062432,IN-TRANSIT,1Z340341,Standard
6E3952BF,OUTBOUND,Juniper,2026-01-06 23:18:24.062432,DELIVERED,1Z916776,Standard
5F51CFF8,OUTBOUND,Cisco,2025-10-07 23:18:24.062432,PENDING,1Z901368,Next Day Air
9B38372B,OUTBOUND,Dell,2025-09-27 23:18:24.062432,PENDING,1Z616256,Next Day Air
372C07AE,INBOUND,Dell,2026-01-11 23:18:24.062432,DELIVERED,1Z517206,Standard
F884D785,INBOUND,Panduit,2025-12-27 23:18:24.062432,DELIVERED,1Z601554,Next Day Air
7E94DF77,OUTBOUND,Juniper,2025-09-26 23:18:24.062432,DELIVERED,1Z579404,Standard
C28AA0E4,OUTBOUND,Cisco,2025-12-20 23:18:24.062432,DELIVERED,1Z112394,Next Day Air
1282C50F,INBOUND,Dell,2025-10-18 23:18:24.062432,DELIVERED,1Z479167,Next Day Air
3EB6BED9,OUTBOUND,Juniper,2026-01-10 23:18:24.062432,DELIVERED,1Z382495,Expedited
FA58F31D,INBOUND,Panduit,2025-12-09 23:18:24.062432,DELIVERED,1Z544536,Standard
7C3B8F12,OUTBOUND,Dell,2025-11-14 23:18:24.062432,IN-TRANSIT,1Z995825,Expedited
DD50150E,INBOUND,Juniper,2025-10-27 23:18:24.062432,DELIVERED,1Z953740,Standard
3AD4777C,INBOUND,Panduit,2025-12-23 23:18:24.062432,DELIVERED,1Z997904,Expedited
56E6945E,INBOUND,Panduit,2025-10-17 23:18:24.062432,DELIVERED,1Z944804,Standard
805E55B4,INBOUND,Dell,2025-10-14 23:18:24.062432,DELIVERED,1Z923481,Expedited
EFBE9A38,INBOUND,Panduit,2025-10-30 23:18:24.062432,DELIVERED,1Z203782,Next Day Air
A870EDB8,OUTBOUND,Panduit,2025-10-12 23:18:24.062432,DELIVERED,1Z979725,Next Day Air
17B23088,OUTBOUND,Dell,2025-10-04 23:18:24.062432,DELIVERED,1Z478496,Expedited
3B77C656,OUTBOUND,Dell,2025-12-02 23:18:24.062432,DELIVERED,1Z120798,Expedited
3F86E45F,INBOUND,Juniper,2025-10-07 23:18:24.062432,DELIVERED,1Z918213,Expedited
B8045D10,OUTBOUND,Panduit,2025-11-06 23:18:24.062432,DELIVERED,1Z182216,Expedited
8C92723A,INBOUND,Juniper,2025-12-09 23:18:24.062432,DELIVERED,1Z771697,Expedited
F81E7DA8,OUTBOUND,Cisco,2025-11-14 23:18:24.062432,DELIVERED,1Z182954,Standard
6EC599D2,OUTBOUND,Dell,2025-11-04 23:18:24.062432,DELIVERED,1Z844943,Expedited
3C4311C9,OUTBOUND,Panduit,2025-12-08 23:18:24.062432,DELIVERED,1Z918910,Expedited
55CC2356,OUTBOUND,Panduit,2025-12-26 23:18:24.062432,DELIVERED,1Z275445,Standard
01BBEE5D,INBOUND,Dell,2026-01-09 23:18:24.062432,DELIVERED,1Z880009,Next Day Air
1E99F0B0,INBOUND,Panduit,2025-12-26 23:18:24.062432,DELIVERED,1Z208013,Standard
13D1F224,OUTBOUND,Cisco,2025-09-30 23:18:24.062432,PENDING,1Z127645,Expedited
935E46F2,INBOUND,Cisco,2025-11-28 23:18:24.062432,IN-TRANSIT,1Z375201,Next Day Air
E4BDAEDC,OUTBOUND,Dell,2025-10-11 23:18:24.062432,DELIVERED,1Z340497,Standard
998F58B6,INBOUND,Juniper,2025-12-25 23:18:24.062432,DELIVERED,1Z652329,Standard
0FC02DDD,OUTBOUND,Dell,2025-09-25 23:18:24.062432,DELIVERED,1Z599284,Expedited
94A3E3EE,OUTBOUND,Panduit,2026-01-11 23:18:24.062432,DELIVERED,1Z241678,Next Day Air
D297CF35,OUTBOUND,Panduit,2025-11-30 23:18:24.062432,DELIVERED,1Z648887,Next Day Air
BA9B30A3,OUTBOUND,Panduit,2025-12-12 23:18:24.062432,DELIVERED,1Z665883,Standard
2B0C2947,OUTBOUND,Dell,2026-01-03 23:18:24.062432,DELIVERED,1Z532227,Expedited
8234AB0A,INBOUND,Juniper,2025-10-11 23:18:24.062432,DELIVERED,1Z460589,Expedited
B74E8B40,OUTBOUND,Panduit,2025-11-21 23:18:24.062432,DELIVERED,1Z414164,Standard
6521B0FC,OUTBOUND,Juniper,2025-12-29 23:18:24.062432,DELIVERED,1Z935471,Standard
1CD60739,OUTBOUND,Panduit,2025-12-01 23:18:24.062432,DELIVERED,1Z513927,Standard
FD52E00D,OUTBOUND,Panduit,2025-10-12 23:18:24.062432,IN-TRANSIT,1Z331307,Expedited
EB2A3C76,INBOUND,Dell,2025-10-02 23:18:24.062432,DELIVERED,1Z398505,Next Day Air
279B4DC7,OUTBOUND,Panduit,2025-12-26 23:18:24.062432,DELIVERED,1Z297132,Standard
67FD4493,INBOUND,Panduit,2025-10-15 23:18:24.062432,DELIVERED,1Z747736,Expedited
677DAAF0,OUTBOUND,Juniper,2025-10-26 23:18:24.062432,IN-TRANSIT,1Z436219,Standard
F2501B89,INBOUND,Juniper,2025-10-11 23:18:24.062432,DELIVERED,1Z207241,Expedited
B85534FA,OUTBOUND,Cisco,2025-10-26 23:18:24.062432,DELIVERED,1Z344119,Standard
6792D900,INBOUND,Dell,2025-10-11 23:18:24.062432,DELIVERED,1Z540656,Expedited
CEC62579,OUTBOUND,Panduit,2025-12-31 23:18:24.062432,IN-TRANSIT,1Z830789,Standard
674CD810,INBOUND,Cisco,2025-11-03 23:18:24.062432,DELIVERED,1Z379449,Expedited
1D4D1E0A,INBOUND,Juniper,2025-10-01 23:18:24.062432,DELIVERED,1Z982417,Expedited
F36E6F1F,INBOUND,Cisco,2026-01-04 23:18:24.062432,DELIVERED,1Z905459,Next Day Air
FEE146B6,OUTBOUND,Juniper,2025-10-23 23:18:24.062432,DELIVERED,1Z873449,Standard
AAF6F205,INBOUND,Juniper,2025-10-17 23:18:24.062432,DELIVERED,1Z595793,Expedited
DAC277C0,OUTBOUND,Juniper,2025-12-18 23:18:24.062432,ABANDONED,1Z759726,Next Day Air
61B579E6,INBOUND,Dell,2025-09-27 23:18:24.062432,IN-TRANSIT,1Z604605,Next Day Air
6C4685E5,INBOUND,Juniper,2025-10-30 23:18:24.062432,DELIVERED,1Z218414,Standard
EF9C3903,INBOUND,Juniper,2025-12-12 23:18:24.062432,DELIVERED,1Z932978,Expedited
A9F7C62C,INBOUND,Cisco,2025-12-05 23:18:24.062432,DELIVERED,1Z144033,Next Day Air
C342780E,INBOUND,Dell,2025-12-31 23:18:24.062432,DELIVERED,1Z908239,Standard
33FB7207,INBOUND,Dell,2025-10-23 23:18:24.062432,DELIVERED,1Z896456,Next Day Air
1FC21E4E,INBOUND,Cisco,2025-09-29 23:18:24.062432,DELIVERED,1Z231939,Expedited
3D397EF1,OUTBOUND,Panduit,2025-10-21 23:18:24.062432,DELIVERED,1Z868804,Standard
89775072,OUTBOUND,Juniper,2025-09-24 23:18:24.062432,DELIVERED,1Z362874,Standard
71665DD4,OUTBOUND,Panduit,2025-11-23 23:18:24.062432,IN-TRANSIT,1Z298994,Next Day Air
A9F4DB8F,OUTBOUND,Panduit,2025-10-15 23:18:24.062432,DELIVERED,1Z388698,Next Day Air
238AB336,INBOUND,Juniper,2026-01-10 23:18:24.062432,DELIVERED,1Z571213,Expedited
537EDC07,OUTBOUND,Panduit,2026-01-04 23:18:24.062432,DELIVERED,1Z100754,Next Day Air
2BCCB400,INBOUND,Cisco,2025-11-25 23:18:24.062432,DELIVERED,1Z749838,Expedited
A19BA837,OUTBOUND,Cisco,2025-12-30 23:18:24.062432,DELIVERED,1Z790266,Next Day Air
AD64AB3E,OUTBOUND,Juniper,2026-01-04 23:18:24.062432,DELIVERED,1Z742818,Expedited
DBE5AD95,OUTBOUND,Cisco,2025-11-02 23:18:24.062432,DELIVERED,1Z200932,Next Day Air
2CC63893,INBOUND,Juniper,2025-12-15 23:18:24.062432,DELIVERED,1Z132792,Standard
E2845276,INBOUND,Cisco,2025-10-05 23:18:24.062432,DELIVERED,1Z698749,Next Day Air
6F6F7364,OUTBOUND,Dell,2026-01-07 23:18:24.062432,DELIVERED,1Z151470,Expedited
A6D4CE96,INBOUND,Cisco,2025-10-20 23:18:24.062432,DELIVERED,1Z318877,Next Day Air
7C752069,INBOUND,Panduit,2025-11-23 23:18:24.062432,PENDING,1Z939930,Next Day Air
F0C6D6AA,OUTBOUND,Dell,2025-09-29 23:18:24.062432,DELIVERED,1Z932831,Next Day Air
13E08F95,OUTBOUND,Cisco,2025-09-29 23:18:24.062432,PENDING,1Z869969,Standard
84DD6EC3,INBOUND,Cisco,2026-01-06 23:18:24.062432,DELIVERED,1Z206142,Next Day Air
622CBD97,INBOUND,Juniper,2025-10-21 23:18:24.062432,DELIVERED,1Z651752,Next Day Air
CCA884C9,INBOUND,Panduit,2025-10-23 23:18:24.062432,DELIVERED,1Z882351,Standard
621D728C,OUTBOUND,Panduit,2025-12-29 23:18:24.062432,DELIVERED,1Z836677,Next Day Air
1C6CA893,INBOUND,Juniper,2025-11-15 23:18:24.062432,PENDING,1Z676680,Expedited
91C77B61,INBOUND,Panduit,2025-11-25 23:18:24.062432,DELIVERED,1Z469438,Expedited
47268250,OUTBOUND,Dell,2025-12-01 23:18:24.062432,ABANDONED,1Z532373,Next Day Air
20D5A0C5,OUTBOUND,Juniper,2025-11-16 23:18:24.062432,PENDING,1Z690500,Next Day Air
8AE8C887,OUTBOUND,Dell,2025-10-19 23:18:24.062432,DELIVERED,1Z574379,Expedited
D2E5A4E2,INBOUND,Dell,2025-11-11 23:18:24.062432,DELIVERED,1Z724702,Standard
51CCDF96,OUTBOUND,Cisco,2025-11-27 23:18:24.062432,DELIVERED,1Z414922,Standard
2228B52C,INBOUND,Dell,2025-10-19 23:18:24.062432,PENDING,1Z680557,Next Day Air
72A73E2A,INBOUND,Cisco,2025-12-02 23:18:24.062432,DELIVERED,1Z139569,Expedited
1A20ABB6,OUTBOUND,Dell,2025-11-06 23:18:24.062432,DELIVERED,1Z710434,Standard
26760514,OUTBOUND,Cisco,2025-10-21 23:18:24.062432,DELIVERED,1Z698199,Expedited
86EDB0AC,INBOUND,Dell,2025-12-03 23:18:24.062432,PENDING,1Z931420,Expedited
449A55E6,INBOUND,Dell,2025-10-14 23:18:24.062432,DELIVERED,1Z139186,Next Day Air
0A00F84C,INBOUND,Cisco,2026-01-03 23:18:24.062432,DELIVERED,1Z908348,Expedited
2130BC8A,OUTBOUND,Panduit,2025-11-05 23:18:24.062432,PENDING,1Z226395,Standard
4397D7B6,INBOUND,Panduit,2025-12-26 23:18:24.062432,DELIVERED,1Z156757,Expedited
F40C5345,INBOUND,Dell,2025-11-28 23:18:24.062432,DELIVERED,1Z626806,Next Day Air
3A21CB03,OUTBOUND,Panduit,2025-10-20 23:18:24.062432,DELIVERED,1Z889410,Next Day Air
BCAF019B,INBOUND,Panduit,2025-12-04 23:18:24.062432,DELIVERED,1Z403859,Expedited
29965041,INBOUND,Panduit,2025-10-10 23:18:24.062432,DELIVERED,1Z699198,Next Day Air
B146EF68,OUTBOUND,Cisco,2025-09-28 23:18:24.062432,DELIVERED,1Z517885,Next Day Air
ABDD65CC,INBOUND,Juniper,2025-11-16 23:18:24.062432,IN-TRANSIT,1Z604283,Next Day Air
D679ACDC,INBOUND,Juniper,2025-10-17 23:18:24.062432,DELIVERED,1Z354085,Standard
2AAD348E,OUTBOUND,Cisco,2025-10-26 23:18:24.062432,IN-TRANSIT,1Z217996,Next Day Air
78E5460F,OUTBOUND,Juniper,2025-11-13 23:18:24.062432,DELIVERED,1Z436318,Expedited
04D12C91,OUTBOUND,Juniper,2025-12-07 23:18:24.062432,DELIVERED,1Z466704,Next Day Air
AB4FADF6,OUTBOUND,Juniper,2026-01-05 23:18:24.062432,ABANDONED,1Z561859,Standard
DC654AF3,OUTBOUND,Juniper,2026-01-04 23:18:24.062432,DELIVERED,1Z894541,Next Day Air
D41C9AD3,INBOUND,Juniper,2026-01-09 23:18:24.062432,DELIVERED,1Z751168,Standard
90494470,OUTBOUND,Cisco,2026-01-11 23:18:24.062432,PENDING,1Z459946,Next Day Air
B889BAAD,OUTBOUND,Panduit,2026-01-02 23:18:24.062432,DELIVERED,1Z123853,Expedited
1318ABC5,INBOUND,Juniper,2025-10-18 23:18:24.062432,IN-TRANSIT,1Z672967,Next Day Air
FBD9D6E2,OUTBOUND,Juniper,2025-12-27 23:18:24.062432,DELIVERED,1Z828834,Next Day Air
F7449869,INBOUND,Dell,2025-12-16 23:18:24.062432,DELIVERED,1Z278593,Standard
8FB3E6FE,OUTBOUND,Cisco,2025-10-28 23:18:24.062432,DELIVERED,1Z587546,Next Day Air
C78691F9,OUTBOUND,Dell,2025-09-23 23:18:24.062432,DELIVERED,1Z213132,Standard
061B5509,OUTBOUND,Juniper,2025-10-29 23:18:24.062432,PENDING,1Z499194,Next Day Air
6D7C6049,OUTBOUND,Panduit,2025-12-21 23:18:24.062432,DELIVERED,1Z726111,Next Day Air
2D766A8F,OUTBOUND,Cisco,2025-10-03 23:18:24.062432,DELIVERED,1Z141683,Standard
8AF392C7,OUTBOUND,Panduit,2025-11-28 23:18:24.062432,DELIVERED,1Z880550,Standard
57010ACC,OUTBOUND,Dell,2025-09-24 23:18:24.062432,DELIVERED,1Z755602,Expedited
E21B46BB,OUTBOUND,Cisco,2025-10-22 23:18:24.062432,ABANDONED,1Z756190,Expedited
C43706A9,INBOUND,Dell,2026-01-12 23:18:24.062432,DELIVERED,1Z336540,Standard
C3643CB3,INBOUND,Cisco,2025-11-04 23:18:24.062432,PENDING,1Z865344,Expedited
3A929308,INBOUND,Panduit,2025-11-27 23:18:24.062432,ABANDONED,1Z352036,Next Day Air
66140A9C,OUTBOUND,Dell,2025-10-11 23:18:24.062432,DELIVERED,1Z570988,Next Day Air
8A56D6B5,INBOUND,Juniper,2025-10-08 23:18:24.062432,DELIVERED,1Z244818,Expedited
7B535C4B,INBOUND,Panduit,2025-12-19 23:18:24.062432,IN-TRANSIT,1Z907455,Standard
24159489,INBOUND,Dell,2025-12-14 23:18:24.062432,PENDING,1Z171108,Next Day Air
B8EE9B94,INBOUND,Juniper,2025-11-29 23:18:24.062432,PENDING,1Z433025,Standard
C60D2256,OUTBOUND,Panduit,2025-12-24 23:18:24.062432,DELIVERED,1Z531228,Expedited
C03B6F36,OUTBOUND,Juniper,2025-11-17 23:18:24.062432,IN-TRANSIT,1Z916953,Standard
1BD1524B,INBOUND,Dell,2025-10-05 23:18:24.062432,DELIVERED,1Z735022,Next Day Air
80868E02,INBOUND,Juniper,2025-12-09 23:18:24.062432,DELIVERED,1Z820767,Standard
BF6237BE,OUTBOUND,Juniper,2025-11-06 23:18:24.062432,DELIVERED,1Z626725,Next Day Air
620CEDC5,OUTBOUND,Juniper,2025-11-21 23:18:24.062432,IN-TRANSIT,1Z993522,Expedited
3D014F84,INBOUND,Juniper,2025-11-23 23:18:24.062432,DELIVERED,1Z337264,Standard
169C01E9,INBOUND,Dell,2025-11-13 23:18:24.062432,IN-TRANSIT,1Z533108,Standard
066F93F0,INBOUND,Juniper,2025-12-26 23:18:24.062432,DELIVERED,1Z169348,Standard
0CB16D8A,OUTBOUND,Dell,2025-11-17 23:18:24.062432,PENDING,1Z579770,Standard
CB76E64A,INBOUND,Panduit,2025-11-15 23:18:24.062432,DELIVERED,1Z855185,Expedited
59E44459,INBOUND,Cisco,2025-11-11 23:18:24.062432,DELIVERED,1Z573546,Expedited
B84DFC7B,INBOUND,Panduit,2026-01-05 23:18:24.062432,PENDING,1Z870881,Standard
AA9ECE17,INBOUND,Juniper,2025-12-02 23:18:24.062432,DELIVERED,1Z405323,Expedited
2A4CE690,OUTBOUND,Panduit,2025-11-11 23:18:24.062432,PENDING,1Z274573,Expedited
E3C6F02B,INBOUND,Juniper,2025-10-29 23:18:24.062432,DELIVERED,1Z586097,Next Day Air
B06E47AE,INBOUND,Juniper,2025-11-18 23:18:24.062432,DELIVERED,1Z916558,Next Day Air
BCFDAB8E,INBOUND,Panduit,2026-01-14 23:18:24.062432,DELIVERED,1Z533648,Expedited
E578603E,OUTBOUND,Juniper,2025-11-18 23:18:24.062432,DELIVERED,1Z576769,Standard
0EA2315A,INBOUND,Cisco,2025-10-24 23:18:24.062432,DELIVERED,1Z195620,Standard
174CB366,OUTBOUND,Cisco,2025-12-21 23:18:24.062432,DELIVERED,1Z649262,Next Day Air
4443769B,INBOUND,Panduit,2025-11-10 23:18:24.062432,IN-TRANSIT,1Z677079,Expedited
7C4B07E7,OUTBOUND,Juniper,2025-09-27 23:18:24.062432,IN-TRANSIT,1Z269999,Standard
D791883E,INBOUND,Panduit,2025-10-14 23:18:24.062432,IN-TRANSIT,1Z423026,Expedited
F7CC45EB,OUTBOUND,Dell,2025-12-24 23:18:24.062432,IN-TRANSIT,1Z756883,Standard
4FF88EAE,INBOUND,Cisco,2025-10-07 23:18:24.062432,PENDING,1Z752801,Expedited
873AED04,OUTBOUND,Cisco,2025-09-23 23:18:24.062432,DELIVERED,1Z737517,Expedited
9AB40AD5,OUTBOUND,Panduit,2025-10-22 23:18:24.062432,DELIVERED,1Z530074,Expedited
30F74300,INBOUND,Juniper,2025-10-02 23:18:24.062432,DELIVERED,1Z673929,Expedited
69124A85,INBOUND,Cisco,2025-12-10 23:18:24.062432,DELIVERED,1Z293818,Standard
2994965F,INBOUND,Juniper,2025-09-29 23:18:24.062432,DELIVERED,1Z995304,Standard
739F9DE4,OUTBOUND,Dell,2025-12-16 23:18:24.062432,DELIVERED,1Z191962,Standard
97EA84E9,INBOUND,Juniper,2025-10-05 23:18:24.062432,DELIVERED,1Z804737,Expedited
49B8E6C0,INBOUND,Panduit,2025-12-09 23:18:24.062432,DELIVERED,1Z885734,Next Day Air
B9DAEB15,INBOUND,Dell,2025-11-07 23:18:24.062432,PENDING,1Z438503,Expedited
14D7D95B,INBOUND,Panduit,2026-01-14 23:18:24.062432,DELIVERED,1Z984274,Next Day Air
72A4A379,INBOUND,Cisco,2025-09-30 23:18:24.062432,DELIVERED,1Z828361,Expedited
ACF09A21,INBOUND,Juniper,2025-11-03 23:18:24.062432,DELIVERED,1Z741784,Standard
8F371FBD,INBOUND,Panduit,2025-10-05 23:18:24.062432,DELIVERED,1Z859246,Next Day Air
F22A9E3B,OUTBOUND,Panduit,2025-12-08 23:18:24.062432,PENDING,1Z738419,Expedited
4C5CC847,OUTBOUND,Juniper,2025-10-25 23:18:24.062432,DELIVERED,1Z744129,Next Day Air
D4CFCADB,OUTBOUND,Panduit,2025-11-24 23:18:24.062432,DELIVERED,1Z947228,Standard
A4B939DF,OUTBOUND,Juniper,2026-01-13 23:18:24.062432,DELIVERED,1Z101657,Standard
6FFA3567,INBOUND,Juniper,2025-09-25 23:18:24.062432,DELIVERED,1Z938403,Next Day Air
54E70A4E,OUTBOUND,Dell,2025-11-14 23:18:24.062432,DELIVERED,1Z687638,Next Day Air
6D8AD127,INBOUND,Dell,2025-10-19 23:18:24.062432,DELIVERED,1Z366776,Standard
40F5A471,OUTBOUND,Cisco,2025-10-31 23:18:24.062432,DELIVERED,1Z219366,Next Day Air
32421A2C,INBOUND,Juniper,2025-11-03 23:18:24.062432,DELIVERED,1Z303440,Expedited
D51FDB5E,OUTBOUND,Panduit,2026-01-06 23:18:24.062432,DELIVERED,1Z935981,Standard
